symbol,name,exchange
1STCUS.BO,FIRST CUSTODIAN FUND (INDIA) L,BSE
20MICRONS,20 Microns Limited,NSE
21STCENMGM,21st Century Management Services Limited,NSE
360ONE,360 ONE WAM LIMITED,NSE
3BBLACKBIO,3B Blackbio Dx Limited,NSE
3IINFOLTD,3i Infotech Limited,NSE
3MINDIA,3M India Limited,NSE
3PLAND,3P Land Holdings Limited,NSE
5PAISA,5Paisa Capital Limited,NSE
63MOONS,63 moons technologies limited,NSE
7NR.BO,7NR Retail Limited,BSE
7SEASL.BO,7SEAS ENTERTAINMENT LIMITED,BSE
7TEC.BO,SAVEN TECHNOLOGIES LTD.,BSE
A1L.BO,A-1 LIMITED,BSE
A2ZINFRA,A2Z Infra Engineering Limited,NSE
AAATECH,AAA Technologies Limited,NSE
AADHARHFC,Aadhar Housing Finance Limited,NSE
AADIIND.BO,AADI INDUSTRIES LTD.,BSE
AAIL.BO,Akar Auto Industries Limited,BSE
AAKASH,Aakash Exploration Services Limited,NSE
AANANDALAK.BO,Aananda Lakshmi Spinning Mills,BSE
AANCHALISP.BO,Aanchal Ispat Limited,BSE
AAREYDRUGS,Aarey Drugs & Pharmaceuticals Limited,NSE
AARNAV,Aarnav Fashions Limited,NSE
AARON,Aaron Industries Limited,NSE
AARTECH,Aartech Solonics Limited,NSE
AARTIDRUGS,Aarti Drugs Limited,NSE
AARTIIND,Aarti Industries Limited,NSE
AARTIPHARM,Aarti Pharmalabs Limited,NSE
AARTISURF,Aarti Surfactants Limited,NSE
AARVI,Aarvi Encon Limited,NSE
AASTAFIN.BO,Aastamangalam Finance Limited,BSE
AASTHA,Aastha Spintex Limited,NSE
AAVAS,Aavas Financiers Limited,NSE
AAYUSH.BO,AAYUSH WELLNESS LIMITED,BSE
ABAN,Aban Offshore Limited,NSE
ABANSENT,Abans Enterprises Limited,NSE
ABATEAS.BO,ABATE AS INDUSTRIES LIMITED,BSE
ABB,ABB India Limited,NSE
ABBOTINDIA,Abbott India Limited,NSE
ABCAPITAL,Aditya Birla Capital Limited,NSE
ABCINDQ.BO,ABC INDIA LTD.,BSE
ABCOTS,A B Cotspin India Limited,NSE
ABDL,Allied Blenders and Distillers Limited,NSE
ABFRL,Aditya Birla Fashion and Retail Limited,NSE
ABGSEC,ADITYABIRLASUNLIFEMF-ADITYA BIRLA SUN LIFE CRISIL BROAD BASED GILT ETF,NSE
ABHICAP.BO,ABHINAV CAPITAL SERVICES LTD.,BSE
ABHIFIN.BO,Abhishek Finlease limited,BSE
ABINFRA,A B Infrabuild Limited,NSE
ABIRAFN.BO,ABIRAMI FINANCIAL SERVICES (IN,BSE
ABLBL,Aditya Birla Lifestyle Brands Limited,NSE
ABMINTLLTD,ABM International Limited,NSE
ABMKNO,ABM Knowledgeware Limited,NSE
ABREL,Aditya Birla Real Estate Limited,NSE
ABSL10BANK,ADITYA BIRLA SUN LIFE MF - ADITYA BIRLA SUN LIFE BSE TOP 10 BANKS ETF,NSE
ABSLAMC,Aditya Birla Sun Life AMC Limited,NSE
ABSLBANETF,ADITYA BIRLA SUN LIFE NIFTY BANK ETF,NSE
ABSLLIQUID,ADITYA BIRLA SUN LIFE CRISIL LIQUID OVERNIGHT ETF,NSE
ABSLMSCIN,ADITYA BIRLA SUN LIFE MF- ADITYA BIRLA SUN LIFE MSCI INDIA ETF,NSE
ABSLNN50ET,ADITYA BIRLA SUN LIFE NIFTY NEXT 50 ETF,NSE
ABSLPSE,ADITYA BIRLA SUN LIFE MUTUAL FUND-ADITYA BIRLA SUN LIFE NIFTY PSE ETF,NSE
ABVL.BO,Arunjyoti Bio Ventures Limited,BSE
ACC,ACC Limited,NSE
ACCEDERE.BO,ACCEDERE LIMITED,BSE
ACCEL.BO,ACCEL LIMITED,BSE
ACCELYA,Accelya Solutions India Limited,NSE
ACCURACY,Accuracy Shipping Limited,NSE
ACE,Action Construction Equipment Limited,NSE
ACEENGITEC.BO,ACE ENGITECH LIMITED,BSE
ACEINTEG,Ace Integrated Solutions Limited,NSE
ACEMEN.BO,ACE MEN ENGG WORKS LIMITED,BSE
ACESOFT.BO,ACE SOFTWARE EXPORTS LTD.,BSE
ACEVECTOR,AceVector Limited,NSE
ACGL,Automobile Corporation of Goa Limited,NSE
ACHYUT.BO,Achyut Healthcare Limited,BSE
ACI,Archean Chemical Industries Limited,NSE
ACIIN.BO,ACI INFOCOM LTD.,BSE
ACKNIT.BO,ACKNIT INDUSTRIES LTD.,BSE
ACL,Andhra Cements Limited,NSE
ACME.BO,Acme Resources Limited,BSE
ACMESOLAR,Acme Solar Holdings Limited,NSE
ACROW.BO,ACROW INDIA LTD.,BSE
ACSTECH,ACS Technologies Limited,NSE
ACTIVE.BO,Active Clothing Co  Limited,BSE
ACUTAAS,Acutaas Chemicals Limited,NSE
ADANIENSOL,Adani Energy Solutions Limited,NSE
ADANIENT,Adani Enterprises Limited,NSE
ADANIGREEN,Adani Green Energy Limited,NSE
ADANIPORTS,Adani Ports and Special Economic Zone Limited,NSE
ADANIPOWER,Adani Power Limited,NSE
ADARSHPL.BO,ADARSH PLANT PROTECT LTD.,BSE
ADCINDIA.BO,ADC INDIA COMMUNICATIONS LIMIT,BSE
ADCON.BO,Adcon Capital Services Limited,BSE
ADDIND,Addi Industries Limited,NSE
ADFFOODS,ADF Foods Limited,NSE
ADHBHUTIN.BO,Adhbhut Infrastructure Ltd.,BSE
ADINATH.BO,ADINATH TEXTILES LTD.,BSE
ADITYA.BO,ADITYA ISPAT LTD.,BSE
ADITYASP.BO,ADITYA SPINNERS LTD.,BSE
ADL,Archidply Decor Limited,NSE
ADMANUM.BO,AD-MANUM FINANCE LTD.,BSE
ADOR,Ador Welding Limited,NSE
ADROITIND,Adroit Industries (India) Limited,NSE
ADROITINFO,Adroit Infotech Limited,NSE
ADSL,Allied Digital Services Limited,NSE
ADTECH.BO,ADTECH SYSTEMS LIMITED,BSE
ADTYFRG.BO,ADITYA FORGE LTD.,BSE
ADVAIT,Advait Energy Transitions Limited,NSE
ADVANCE,Advance Agrolife Limited,NSE
ADVANIHOTR,Advani Hotels & Resorts (India) Limited,NSE
ADVENTHTL,Advent Hotels International Limited,NSE
ADVENZYMES,Advanced Enzyme Technologies Limited,NSE
ADVIKCA,Advik Capital Limited,NSE
ADVIKLA.BO,ADVIK LABORATORIES LTD.,BSE
ADVMULT.BO,ADVANCE MULTITECH LTD.,BSE
ADVPETR-B.BO,ADVANCE PETROCHEMICALS LTD.,BSE
AEGISLOG,Aegis Logistics Limited,NSE
AEGISVOPAK,Aegis Vopak Terminals Limited,NSE
AEIM.BO,Artificial Electronics Intelli,BSE
AEL.BO,Amba Enterprises Ltd.,BSE
AEONXDIGI.BO,Aeonx Digital Technology Limit,BSE
AEPL,Artemis Electricals and Projects Limited,NSE
AEQUS,Aequs Limited,NSE
AEROENTER,Aeroflex Enterprises Limited,NSE
AEROFLEX,Aeroflex Industries Limited,NSE
AERONEU,Aeroflex Neu Limited,NSE
AEROPLANE,Amir Chand Jagdish Kumar (Exports) Limited,NSE
AERPACE.BO,Aerpace Industries Limited,BSE
AETHER,Aether Industries Limited,NSE
AFCONS,Afcons Infrastructure Limited,NSE
AFEL.BO,A.F. ENTERPRISES LTD,BSE
AFFLE,Affle 3i Limited,NSE
AFFORDABLE,Affordable Robotic & Automation Limited,NSE
AFIL,Akme Fintrade (India) Limited,NSE
AFSL,Abans Financial Services Limited,NSE
AGARIND,Agarwal Industrial Corporation Limited,NSE
AGARWALEYE,Dr. Agarwal's Health Care Limited,NSE
AGASTYAEN,Agastya Energy and Infrastructure Limited,NSE
AGI,AGI Greenpac Limited,NSE
AGIIL,Agi Infra Limited,NSE
AGIOPAPER.BO,AGIO PAPER & INDUSTRIES LTD.,BSE
AGL,Allcargo Global Limited,NSE
AGOL.BO,Ashapuri Gold Ornament Limited,BSE
AGRIBIO.BO,AGRIBIO SPIRITS LIMITED,BSE
AGRITECH,Agri-Tech (India) Limited,NSE
AGROPHOS,Agro Phos India Limited,NSE
AGVENTURES.BO,AG VENTURES LIMITED,BSE
AHCL,Anlon Healthcare Limited,NSE
AHLADA,Ahlada Engineers Limited,NSE
AHLEAST,Asian Hotels (East) Limited,NSE
AHLUCONT,Ahluwalia Contracts (India) Limited,NSE
AHLWEST,Asian Hotels (West) Limited,NSE
AHMDSTE.BO,AHMEDABAD STEELCRAFT LTD.,BSE
AIAENG,AIA Engineering Limited,NSE
AICHAMP.BO,AI CHAMPDANY INDUSTRIES LTD.,BSE
AIHL.BO,AMBASSADOR INTRA HOLDINGS LIMI,BSE
AIIL,Authum Investment & Infrastructure Limited,NSE
AIMCOPEST.BO,AIMCO PESTICIDES LTD.,BSE
AIML.BO,ALLIANCE INTEGRATED METALIKS L,BSE
AIRAN,Airan Limited,NSE
AIROLAM,Airo Lam limited,NSE
AJANTPHARM,Ajanta Pharma Limited,NSE
AJANTSOY.BO,AJANTA SOYA LTD.,BSE
AJAXENGG,Ajax Engineering Limited,NSE
AJCON.BO,AJCON GLOBAL SERVICES LTD.,BSE
AJMERA,Ajmera Realty & Infra India Limited,NSE
AJOONI,Ajooni Biotech Limited,NSE
AKASH,Akash Infra-Projects Limited,NSE
AKCAPIT,AK Capital Services Limited,NSE
AKG,Akg Exim Limited,NSE
AKI,AKI India Limited,NSE
AKSHAR,Akshar Spintex Limited,NSE
AKSHARCHEM,AksharChem India Limited,NSE
AKSHOPTFBR,Aksh Optifibre Limited,NSE
AKUMS,Akums Drugs and Pharmaceuticals Limited,NSE
ALANKIT,Alankit Limited,NSE
ALANSCOTT.BO,ALAN SCOTT ENTERPRISES LIMITED,BSE
ALBERTDAVD,Albert David Limited,NSE
ALCHCORP.BO,ALCHEMIST CORPORATION LTD.,BSE
ALEMBICLTD,Alembic Limited,NSE
ALEXANDER.BO,Alexander Stamps And Coin Limi,BSE
ALFAICA.BO,ALFA ICA (INDIA) LTD.,BSE
ALFATRAN.BO,ALFA TRANSFORMERS LTD.,BSE
ALFAVIO.BO,ALFAVISION OVERSEAS (INDIA) LT,BSE
ALFL.BO,Abhinav Leasing & Finance Limi,BSE
ALFREDHE,Alfred Herbert India Limited,NSE
ALGOQUANT,Algoquant Fintech Limited,NSE
ALICON,Alicon Castalloy Limited,NSE
ALIVUS,Alivus Life Sciences Limited,NSE
ALKALI,Alkali Metals Limited,NSE
ALKEM,Alkem Laboratories Limited,NSE
ALKYLAMINE,Alkyl Amines Chemicals Limited,NSE
ALLCARGO,Allcargo Logistics Limited,NSE
ALLDIGI,Alldigi Tech Limited,NSE
ALLTIME,All Time Plastics Limited,NSE
ALMONDZ,Almondz Global Securities Limited,NSE
ALOKINDS,Alok Industries Limited,NSE
ALPA,Alpa Laboratories Limited,NSE
ALPHA,KOTAK MAHINDRA MUTUAL FUND - KOTAK NIFTY ALPHA 50 ETF,NSE
ALPHAETF,MIRAE ASSET MUTUAL FUND - MIRAE ASSET NIFTY 200 ALPHA 30 ETF,NSE
ALPHAGEO,Alphageo (India) Limited,NSE
ALPHALOGIC.BO,Alphalogic Techsys Limited,BSE
ALPINEHOU.BO,ALPINE HOUSING DEVELOPMENT COR,BSE
ALPINETEX,Alpine Texworld Limited,NSE
ALPL30IETF,ICICI PRUDENTIAL NIFTY ALPHA LOW VOLATILITY 30 ETF,NSE
ALSL.BO,ALACRITY SECURITIES LTD,BSE
ALUFLUOR,Alufluoride Limited,NSE
AMAGI,Amagi Media Labs Limited,NSE
AMAL,Amal Limited,NSE
AMALGAM.BO,AMALGAMATED ELECTRICITY CO.LTD,BSE
AMANTA,Amanta Healthcare Limited,NSE
AMARJOTHI,Amarjothi Spinning Mills Limited,NSE
AMARSEC.BO,AMARNATH SECURITIES LTD,BSE
AMBALALSA,Ambalal Sarabhai Enterprises Limited,NSE
AMBARPIL.BO,Ambar Protein Industries Limit,BSE
AMBER,Amber Enterprises India Limited,NSE
AMBICAAGAR,Ambica Agarbathies & Aroma industries Limited,NSE
AMBIKCO,Ambika Cotton Mills Limited,NSE
AMBIT.BO,AMBITIOUS PLASTOMAC COMPANY LT,BSE
AMBUJACEM,Ambuja Cements Limited,NSE
AMCOIND.BO,AMCO INDIA LTD.,BSE
AMDIND,AMD Industries Limited,NSE
AMERISE.BO,AMERISE BIOSCIENCES LIMITED,BSE
AMFORG.BO,AMFORGE INDUSTRIES LTD.,BSE
AMINTAN.BO,AMIN TANNERY LIMITED,BSE
AMITSEC.BO,AMIT SECURITIES LTD.,BSE
AMJLAND,Amj Land Holdings Limited,NSE
AMNPLST,Amines & Plasticizers Limited,NSE
AMPL.BO,AMPL Capital Limited,BSE
AMPVOLTS.BO,AMPVOLTS LIMITED,BSE
AMRAAGRI.BO,AMRAWORLD AGRICO LTD.,BSE
AMRAPLIN.BO,AMRAPALI INDUSTRIES LTD.,BSE
AMRUTANJAN,Amrutanjan Health Care Limited,NSE
AMS.BO,AMS POLYMERS LIMITED,BSE
AMTL.BO,ADVANCE METERING TECHNOLOGY LT,BSE
ANANDRATHI,Anand Rathi Wealth Limited,NSE
ANANTRAJ,Anant Raj Limited,NSE
ANDHRAPAP,ANDHRA PAPER LIMITED,NSE
ANDHRAPET.BO,ANDHRA PETROCHEMICALS LTD.,BSE
ANDHRSUGAR,The Andhra Sugars Limited,NSE
ANDREWYU,Andrew Yule & Company Limited,NSE
ANG.BO,ANG Lifesciences India Limited,BSE
ANGELONE,Angel One Limited,NSE
ANIKINDS,Anik Industries Limited,NSE
ANJANI.BO,ANJANI SYNTHETICS LTD.,BSE
ANJANIFIN.BO,ANJANI FINANCE LTD.,BSE
ANJANIFOODS.BO,Anjani Foods Limited,BSE
ANKIN.BO,ANKA INDIA LTD.,BSE
ANMOL,Anmol India Limited,NSE
ANNAINFRA.BO,ANNA INFRASTRUCTURES LTD.,BSE
ANNAPURNA,Annapurna Swadisht Limited,NSE
ANNU,Annu Projects Limited,NSE
ANSALBU,Ansal Buildwell Limited,NSE
ANSALHSG.BO,ANSAL HOUSING LIMITED,BSE
ANSINDUS.BO,ANS INDUSTRIES LTD,BSE
ANTARIKSH.BO,ANTARIKSH INDUSTRIES LIMITED,BSE
ANTELOPUS,Antelopus Selan Energy Limited,NSE
ANTGRAPHIC,Antarctica Limited,NSE
ANTHEM,Anthem Biosciences Limited,NSE
ANUHPHR,Anuh Pharma Limited,NSE
ANUP,The Anup Engineering Limited,NSE
ANUPAM.BO,ANUPAM FINSERV LIMITED,BSE
ANURAS,Anupam Rasayan India Limited,NSE
ANUROOP.BO,Anuroop Packaging Limited,BSE
ANVRDHI.BO,ANNVRRIDHHI VENTURES LIMITED,BSE
AONEGOLD,ANGEL ONE MUTUAL FUND - ANGEL ONE GOLD ETF,NSE
AONELIQUID,ANGEL ONE MUTUAL FUND - ANGEL ONE NIFTY 1D RATE LIQUID ETF - GROWTH,NSE
AONENIFTY,ANGEL ONE MUTUAL FUND - ANGEL ONE NIFTY 50 ETF,NSE
AONESILVER,ANGEL ONE MUTUAL FUND - ANGEL ONE SILVER ETF,NSE
AONESTEELS,A-One Steels India Limited,NSE
AONETMMQ50,ANGEL ONE MF - ANGEL ONE NIFTY TOTAL MARKET MOMENTUM QUALITY 50 ETF,NSE
AONETOTAL,ANGEL ONE MUTUAL FUND - ANGEL ONE NIFTY TOTAL MARKET ETF,NSE
APARINDS,Apar Industries Limited,NSE
APCL,Anjani Portland Cement Limited,NSE
APCOTEXIND,Apcotex Industries Limited,NSE
APEX,Apex Frozen Foods Limited,NSE
APIL.BO,AVI PRODUCTS INDIA LIMITED,BSE
APIS.BO,APIS INDIA LTD.,BSE
APLAB.BO,APLAB LTD.,BSE
APLAPOLLO,APL Apollo Tubes Limited,NSE
APLLTD,Alembic Pharmaceuticals Limited,NSE
APMIN.BO,APM INDUSTRIES LTD.,BSE
APOLLO,Apollo Micro Systems Limited,NSE
APOLLOFI.BO,APOLLO FINVEST (INDIA) LTD.,BSE
APOLLOHOSP,Apollo Hospitals Enterprise Limited,NSE
APOLLOIN.BO,Apollo Ingredients Limited,BSE
APOLLOPIPE,Apollo Pipes Limited,NSE
APOLLOTYRE,Apollo Tyres Limited,NSE
APOLSINHOT,Apollo Sindoori Hotels Limited,NSE
APOORVA,Apoorva Leasing Finance and Investment Company Limited,NSE
APTECHT,Aptech Limited,NSE
APTPACK.BO,APT PACKAGING LTD.,BSE
APTUS,Aptus Value Housing Finance India Limited,NSE
AQYLON,Aqylon Nexus Limited,NSE
ARAVALIS.BO,ARAVALI SECURITIES & FINANCE L,BSE
ARCEEIN.BO,ARCEE INDUSTRIES LTD.,BSE
ARCFIN.BO,ARC Finance Limited,BSE
ARCHIDPLY,Archidply Industries Limited,NSE
ARCHIES,Archies Limited,NSE
ARCHITORG.BO,ARCHIT ORGANOSYS LTD.,BSE
ARCIL,Asset Reconstruction Company (India) Limited,NSE
ARCL,ARCL Organics Limited,NSE
ARDEE,Ardee Industries Limited,NSE
ARE&M,Amara Raja Energy & Mobility Limited,NSE
ARENTERP,Rajdarshan Industries Limited,NSE
AREXMIS.BO,AREX INDUSTRIES LTD.,BSE
ARFIN,Arfin India Limited,NSE
ARIES,Aries Agro Limited,NSE
ARIGATO.BO,ARIGATO UNIVERSE LIMITED,BSE
ARIHANT,Arihant Foundations & Housing Limited,NSE
ARIHANTCAP,Arihant Capital Markets Limited,NSE
ARIHANTSUP,Arihant Superstructures Limited,NSE
ARIS,Arisinfra Solutions Limited,NSE
ARISE.BO,ARIHANTS SECURITIES LTD.,BSE
ARKADE,Arkade Developers Limited,NSE
ARL.BO,Anand Rayons Limited,BSE
ARMAN.BO,ARMAN HOLDINGS LTD,BSE
ARMANFIN,Arman Financial Services Limited,NSE
ARMEE,ArMee Infotech Limited,NSE
ARNOLD.BO,ARNOLD HOLDINGS LTD,BSE
AROGRANITE,Aro Granite Industries Limited,NSE
ARROWGREEN,Arrow Greentech Limited,NSE
ARSSBL,Anand Rathi Share and Stock Brokers Limited,NSE
ARTEFACT.BO,ARTEFACT PROJECTS LTD.,BSE
ARTEMISMED,Artemis Medicare Services Limited,NSE
ARTNIRMAN,Art Nirman Limited,NSE
ARTSON.BO,ARTSON LIMITED,BSE
ARUNAHTEL.BO,ARUNA HOTELS LTD.,BSE
ARVAYA.BO,Arvaya Healthcare Limited,BSE
ARVEE,Arvee Laboratories (India) Limited,NSE
ARVIND,Arvind Limited,NSE
ARVINDFASN,Arvind Fashions Limited,NSE
ARVSMART,Arvind SmartSpaces Limited,NSE
ARYACAPM.BO,Aryaman Capital Markets Limite,BSE
ARYAMAN,Aryaman Financial Services Limited,NSE
ARYAN.BO,Aryan Share & Stock Brokers Lt,BSE
ASAHIINDIA,Asahi India Glass Limited,NSE
ASAHISONG,Asahi Songwon Colors Limited,NSE
ASAL,Automotive Stampings and Assemblies Limited,NSE
ASALCBR,Associated Alcohols & Breweries Ltd.,NSE
ASGARD.BO,ASGARD ALCOBEV LIMITED,BSE
ASHAI.BO,ASHIANA AGRO INDUSTRIES LTD.,BSE
ASHAPURMIN,Ashapura Minechem Limited,NSE
ASHCAP.BO,ASHIRWAD CAPITAL LTD.,BSE
ASHIANA,Ashiana Housing Limited,NSE
ASHIKAG,Ashika Global Securities Limited,NSE
ASHIMASYN,Ashima Limited,NSE
ASHISHPO.BO,ASHISH POLYPLAST LTD.,BSE
ASHNI.BO,Ashnisha Industries Limited,BSE
ASHNOOR.BO,ASHNOOR TEXTILE MILLS LTD.,BSE
ASHOKA,Ashoka Buildcon Limited,NSE
ASHOKAMET,Ashoka Metcast Limited,NSE
ASHOKLEY,Ashok Leyland Limited,NSE
ASHRAM.BO,ASHRAM ONLINE.COM LTD.,BSE
ASHSI.BO,ASHIRWAD STEELS & INDUSTRIES L,BSE
ASIACAP.BO,ASIA CAPITAL LIMITED,BSE
ASIAN.BO,Asian Warehousing Limited,BSE
ASIANENE,Asian Energy Services Limited,NSE
ASIANHOTNR,Asian Hotels (North) Limited,NSE
ASIANPAINT,Asian Paints Limited,NSE
ASIANTILES,Asian Granito India Limited,NSE
ASIANTNE,Asian Tea & Exports Limited,NSE
ASIIL.BO,ASI INDUSTRIES LIMITED,BSE
ASINPET.BO,ASIAN PETROPRODUCTS & EXPORTS,BSE
ASITCFIN.BO,ASIT C.MEHTA FINANCIAL SERVICE,BSE
ASKAUTOLTD,ASK Automotive Limited,NSE
ASMS,Avio Smart Market Stack Limited,NSE
ASMTEC.BO,ASM TECHNOLOGIES LTD.,BSE
ASPINWALL,Aspinwall and Company Limited,NSE
ASPIRA.BO,Aspira Pathlab & Diagnostics L,BSE
ASRL.BO,Add-Shop E-Retail Limited,BSE
ASSAMENT,Assam Entrade Limited,NSE
ASSOCER.BO,ASSOCIATED CERAMICS LTD.,BSE
ASTALLTD.BO,ASTAL LABORATORIES LIMITED,BSE
ASTAR,Asian Star Company Limited,NSE
ASTEC,Astec LifeSciences Limited,NSE
ASTERDM,Aster DM Quality Care Limited,NSE
ASTRAL,Astral Limited,NSE
ASTRAMICRO,Astra Microwave Products Limited,NSE
ASTRAZEN,AstraZeneca Pharma India Limited,NSE
ASYL.BO,Advance Syntex Limited,BSE
ATALREAL,Atal Realtech Limited,NSE
ATAM,Atam Valves Limited,NSE
ATGL,Adani Total Gas Limited,NSE
ATHARVENT.BO,ATHARV ENTERPRISES LTD.,BSE
ATHENAGLO.BO,Athena Global Technologies Lim,BSE
ATHERENERG,Ather Energy Limited,NSE
ATISHAY.BO,Atishay Limited,BSE
ATL,Allcargo Terminals Limited,NSE
ATLANTAA,ATLANTAA LIMITED,NSE
ATLANTAELE,Atlanta Electricals Limited,NSE
ATLASCYCLE,Atlas Cycles (Haryana) Limited,NSE
ATUL,Atul Limited,NSE
ATULAUTO,Atul Auto Limited,NSE
ATVOENT.BO,Atvo Enterprises Limited,BSE
ATVPR.BO,ATV PROJECTS INDIA LTD.,BSE
AUBANK,AU Small Finance Bank Limited,NSE
AUDROC.BO,AUDROC Limited,BSE
AUGMONT,Augmont Enterprises Limited,NSE
AURIGROW,Auri Grow India Limited,NSE
AURIONPRO,Aurionpro Solutions Limited,NSE
AURIQUE.BO,AURIQUE LIMITED,BSE
AUROLAB.BO,AURO LABORATORIES LTD.,BSE
AUROPHARMA,Aurobindo Pharma Limited,NSE
AURUM,Aurum PropTech Limited,NSE
AURUS,AURUS GEM CORPORATION LIMITED,NSE
AUSOMENT,Ausom Enterprise Limited,NSE
AUSTENG,Austin Engineering Company  Limited,NSE
AUTOAXLES,Automotive Axles Limited,NSE
AUTOBEES,NIPPON INDIA MUTUAL FUND - NIPPON INDIA NIFTY AUTO ETF,NSE
AUTOIETF,ICICI PRUDENTIAL MUTUAL FUND - ICICI PRUDENTIAL  NIFTY AUTO ETF,NSE
AUTOIND,Autoline Industries Limited,NSE
AUTOINT.BO,AUTORIDERS INTERNATIONAL LTD.,BSE
AUTOPINS.BO,AUTO PINS (INDIA) LTD.,BSE
AVADHSUGAR,Avadh Sugar & Energy Limited,NSE
AVAILFC.BO,AVAILABLE FINANCE LTD.,BSE
AVALON,Avalon Technologies Limited,NSE
AVANCE,Avance Technologies Limited,NSE
AVANTEL,Avantel Limited,NSE
AVANTIFEED,Avanti Feeds Limited,NSE
AVEER.BO,Aveer Foods Limited,BSE
AVG,AVG Logistics Limited,NSE
AVL,Aditya Vision Limited,NSE
AVONMORE,Avonmore Capital & Management Services Limited,NSE
AVROIND,AVRO INDIA LIMITED,NSE
AVTNPL,AVT Natural Products Limited,NSE
AWFIS,Awfis Space Solutions Limited,NSE
AWHCL,Antony Waste Handling Cell Limited,NSE
AWL,AWL Agri Business Limited,NSE
AXELPOLY.BO,AXEL POLYMERS LTD.,BSE
AXENTRA.BO,AXENTRA CORP LIMITED,BSE
AXISBANK,Axis Bank Limited,NSE
AXISCADES,AXISCADES Technologies Limited,NSE
AXISOL.BO,AXIS SOLUTIONS LIMITED,BSE
AXITA,Axita Cotton Limited,NSE
AXTEL,Axtel Industries Limited,NSE
AYE,Aye Finance Limited,NSE
AYMSYNTEX,AYM Syntex Limited,NSE
AZAD,Azad Engineering Limited,NSE
AZADIND,Azad India Mobility Limited,NSE
B2BSOFT.BO,B2B SOFTWARE TECHNOLOGIES LTD.,BSE
BABA.BO,BABA ARTS LTD.,BSE
BACPHAR.BO,BACIL PHARMA LTD.,BSE
BAFNAPH,Bafna Pharmaceuticals Limited,NSE
BAGFILMS,B.A.G Films and Media Limited,NSE
BAIDFIN,Baid Finserv Limited,NSE
BAJAJ-AUTO,Bajaj Auto Limited,NSE
BAJAJCON,Bajaj Consumer Care Limited,NSE
BAJAJELEC,Bajaj Electricals Limited,NSE
BAJAJFINSV,Bajaj Finserv Limited,NSE
BAJAJHCARE,Bajaj Healthcare Limited,NSE
BAJAJHFL,Bajaj Housing Finance Limited,NSE
BAJAJHIND,Bajaj Hindusthan Sugar Limited,NSE
BAJAJHLDNG,Bajaj Holdings & Investment Limited,NSE
BAJAJINDEF,Indef Manufacturing Limited,NSE
BAJAJST,Bajaj Steel Industries Limited,NSE
BAJEL,Bajel Projects Limited,NSE
BAJFINANCE,Bajaj Finance Limited,NSE
BALAJEE,Shree Tirupati Balajee Agro Trading Company Limited,NSE
BALAJITELE,Balaji Telefilms Limited,NSE
BALAMINES,Balaji Amines Limited,NSE
BALAXI,BALAXI PHARMACEUTICALS LIMITED,NSE
BALGOPAL.BO,Balgopal Commercial limited,BSE
BALKRISHNA,Balkrishna Paper Mills Limited,NSE
BALKRISIND,Balkrishna Industries Limited,NSE
BALMLAWRIE,Balmer Lawrie & Company Limited,NSE
BALPHARMA,Bal Pharma Limited,NSE
BALRAMCHIN,Balrampur Chini Mills Limited,NSE
BALTE.BO,BALURGHAT TECHNOLOGIES LTD.,BSE
BALUFORGE,Balu Forge Industries Limited,NSE
BAMBINO.BO,BAMBINO AGRO INDUSTRIES LTD.,BSE
BAMPSL.BO,BAMPSL SECURITIES LTD.,BSE
BANARBEADS,Banaras Beads Limited,NSE
BANARISUG,Bannari Amman Sugars Limited,NSE
BANASFN.BO,BANAS FINANCE LTD.,BSE
BANCOINDIA,Banco Products (I) Limited,NSE
BANDARAM.BO,BANDARAM PHARMA PACKTECH LIMIT,BSE
BANDHANBNK,Bandhan Bank Limited,NSE
BANG,Bang Overseas Limited,NSE
BANK10ADD,DSP MUTUAL FUND - DSP BSE TOP 10 BANKS ETF,NSE
BANK10BETF,BAJAJ FINSERV MUTUAL FUND - BAJAJ FINSERV BSE TOP 10 BANKS ETF,NSE
BANKA,Banka BioLoo Limited,NSE
BANKADD,DSP  MUTUAL FUND - DSP NIFTY BANK ETF,NSE
BANKBARODA,Bank of Baroda,NSE
BANKBEES,NIPPON INDIA ETF NIFTY BANK BEES,NSE
BANKBETA,UTI NIFTY BANK ETF,NSE
BANKBETF,BAJAJ FINSERV MUTUAL FUND - BAJAJ FINSERV NIFTY BANK ETF,NSE
BANKETF,MIRAE ASSET MUTUAL FUND - MIRAE ASSET NIFTY BANK ETF,NSE
BANKIETF,ICICI PRUDENTIAL NIFTY BANK ETF - NIFTY BANK INDEX,NSE
BANKINDIA,Bank of India,NSE
BANKNIFTY1,KOTAK NIFTY BANK ETF,NSE
BANKPSU,MIRAE ASSET MUTUAL FUND - MIRAE ASSET NIFTY PSU BANK ETF,NSE
BANSALWIRE,Bansal Wire Industries Limited,NSE
BANSWRAS,Banswara Syntex Limited,NSE
BAPACK.BO,B&A PACKAGING INDIA LIMITED,BSE
BARODARY.BO,BARODA RAYON CORPORATION LTD.,BSE
BAROEXT.BO,BARODA EXTRUSION LTD.,BSE
BARONINF.BO,BARON INFOTECH LTD.,BSE
BASANTGL.BO,BASANT AGRO TECH (INDIA) LTD.,BSE
BASF,BASF India Limited,NSE
BASML,Bannari Amman Spinning Mills Limited,NSE
BATAINDIA,Bata India Limited,NSE
BATLIBOI,Batliboi Limited,NSE
BAYERCROP,Bayer Cropscience Limited,NSE
BAZELINTER.BO,Bazel International Limited,BSE
BBETF0432,EDELWEISS MUTUAL FUND - BHARAT BOND ETF - APRIL 2032 - GROWTH,NSE
BBL,Bharat Bijlee Limited,NSE
BBNPNBETF,BARODA BNP PARIBAS MUTUAL FUND- BARODA BNP PARIBAS NIFTY BANK ETF,NSE
BBNPPGOLD,BARODA BNP PARIBAS MUTUAL FUND - BARODA BNP PARIBAS GOLD ETF,NSE
BBOX,Black Box Limited,NSE
BBTC,The Bombay Burmah Trading Corporation Limited,NSE
BBTCL,B&B Triplewall Containers Limited,NSE
BCCFUBA.BO,BCC FUBA INDIA LTD.,BSE
BCG,Brightcom Group Limited,NSE
BCLENTERPR.BO,BCL Enterprises Limited,BSE
BCLIND,Bcl Industries Limited,NSE
BCONCEPTS,Brand Concepts Limited,NSE
BCP.BO,B.C. POWER CONTROLS LTD,BSE
BCPL,BCPL Railway Infrastructure Limited,NSE
BDH.BO,BDH INDUSTRIES LTD.,BSE
BDL,Bharat Dynamics Limited,NSE
BEARDSELL,Beardsell Limited,NSE
BECTORFOOD,Mrs. Bectors Food Specialities Limited,NSE
BEDMUTHA,Bedmutha Industries Limited,NSE
BEEKAY,Beekay Steel Industries Limited,NSE
BEEYU.BO,BEEYU OVERSEAS LTD.,BSE
BEL,Bharat Electronics Limited,NSE
BELDING.BO,BELDING INDIA LIMITED,BSE
BELLACASA,Bella Casa Fashion & Retail Limited,NSE
BELRISE,Belrise Industries Limited,NSE
BEMHY.BO,BEMCO HYDRAULICS LTD.,BSE
BEML,BEML Limited,NSE
BENARAS,Benares Hotels Limited,NSE
BENGALASM,Bengal & Assam Company Limited,NSE
BENGALT.BO,BENGAL TEA & FABRICS LTD.,BSE
BEPL,Bhansali Engineering Polymers Limited,NSE
BERGEPAINT,Berger Paints (I) Limited,NSE
BERLDRG.BO,BERYL DRUGS LTD.,BSE
BERVINL.BO,BERVIN INVESTMENT & LEASING LT,BSE
BESTAGRO,Best Agrolife Limited,NSE
BESTEAST.BO,BEST EASTERN HOTELS LTD.,BSE
BETA,Beta Drugs Limited,NSE
BETALA.BO,BETALA GLOBAL SECURITIES LTD.,BSE
BFINVEST,BF Investment Limited,NSE
BFLAFL.BO,BFL Asset Finvest Limited,BSE
BFSI,MIRAE ASSET MUTUAL FUND - MIRAE ASSET NIFTY FINANCIAL SERVICES ETF,NSE
BFUTILITIE,BF Utilities Limited,NSE
BGDL.BO,BHARAT GLOBAL DEVELOPERS LIMIT,BSE
BGIL.BO,BGIL FILMS & TECHNOLOGIES LTD.,BSE
BGRENERGY,BGR Energy Systems Limited,NSE
BGWTATO.BO,BHAGWATI AUTOCAST LTD.,BSE
BHAGCHEM,Bhagiradha Chemicals & Industries Limited,NSE
BHAGERIA,Bhageria Industries Limited,NSE
BHAGGAS.BO,BHAGAWATI GAS LIMITED,BSE
BHAGWOX.BO,BHAGWATI OXYGEN LTD.,BSE
BHAGYANGR,Bhagyanagar India Limited,NSE
BHANDARI,Bhandari Hosiery Exports Limited,NSE
BHARAT.BO,Bharat Bhushan Finance & Commo,BSE
BHARATAGRI.BO,BHARAT AGRI FERT & REALTY LTD.,BSE
BHARATCOAL,Bharat Coking Coal Limited,NSE
BHARATFORG,Bharat Forge Limited,NSE
BHARATGEAR,Bharat Gears Limited,NSE
BHARATRAS,Bharat Rasayan Limited,NSE
BHARATSE,Bharat Seats Limited,NSE
BHARATWIRE,Bharat Wire Ropes Limited,NSE
BHARTIARTL,Bharti Airtel Limited,NSE
BHARTIHEXA,Bharti Hexacom Limited,NSE
BHASKAGR.BO,BHASKAR AGROCHEMICALS LTD.,BSE
BHATIA.BO,Bhatia Communications & Retail,BSE
BHEL,Bharat Heavy Electricals Limited,NSE
BHILSPIN.BO,BHILWARA SPINNERS LTD.,BSE
BHUDEVI.BO,BHUDEVI INFRA PROJECTS LIMITED,BSE
BI,Bilcare Limited,NSE
BIBCL.BO,BHARAT IMMUNOLOGICALS & BIOLOG,BSE
BIGBLOC,Bigbloc Construction Limited,NSE
BIHSPONG.BO,BIHAR SPONGE IRON LTD.,BSE
BIKAJI,Bikaji Foods International Limited,NSE
BIL,Bhartiya International Limited,NSE
BILVYAPAR,BIL VYAPAR LIMITED,NSE
BIMETAL,Bimetal Bearings Limited,NSE
BINNYMILLS.BO,BINNY MILLS LTD.,BSE
BIOCON,Biocon Limited,NSE
BIOFILCHEM,Biofil Chemicals & Pharmaceuticals Limited,NSE
BIOGEN.BO,BIOGEN PHARMACHEM INDUSTRIES L,BSE
BIRLACABLE,Birla Cable Limited,NSE
BIRLACORPN,Birla Corporation Limited,NSE
BIRLACOT.BO,BIRLA COTSYN (INDIA) LTD.,BSE
BIRLAMONEY,Aditya Birla Money Limited,NSE
BIRLANU,BirlaNu Limited,NSE
BIRLAPREC,Birla Precision Technologies Limited,NSE
BITS.BO,BITS LTD.,BSE
BKV.BO,BKV INDUSTRIES LTD.,BSE
BLACKBUCK,BLACKBUCK LIMITED,NSE
BLACKROSE,Black Rose Inds. Limited,NSE
BLAL,BEML Land Assets Limited,NSE
BLBLIMITED,BLB Limited,NSE
BLEL,Behari Lal Engineering Limited,NSE
BLIL,Balmer Lawrie Investments Limited,NSE
BLISSGVS,Bliss GVS Pharma Limited,NSE
BLKASHYAP,B. L. Kashyap and Sons Limited,NSE
BLOIN.BO,BLOOM INDUSTRIES LTD.,BSE
BLS,BLS International Services Limited,NSE
BLSE,BLS E-Services Limited,NSE
BLUECHIP,Blue Chip India Limited,NSE
BLUECHIPT.BO,BLUE CHIP TEX INDUSTRIES LTD.,BSE
BLUECLOUDS,Blue Cloud Softech Solutions Limited,NSE
BLUECOAST,Blue Coast Hotels Limited,NSE
BLUEDART,Blue Dart Express Limited,NSE
BLUEJET,Blue Jet Healthcare Limited,NSE
BLUESTARCO,Blue Star Limited,NSE
BLUESTONE,BlueStone Jewellery and Lifestyle Limited,NSE
BLUSPRING,Bluspring Enterprises Limited,NSE
BMBMUMG.BO,BMB MUSIC & MAGNETICS LTD.,BSE
BMW.BO,BMW INDUSTRIES LIMITED,BSE
BMWVENTLTD,BMW Ventures Limited,NSE
BNAGROCHEM,BN Agrochem Limited,NSE
BNALTD,B & A Limited,NSE
BNKETFAXIS,AXIS MUTUAL FUND - AXIS NIFTY BANK ETF,NSE
BNRSEC.BO,B.N.RATHI SECURITIES LTD.,BSE
BNRUDY.BO,BNR UDYOG LTD.,BSE
BODALCHEM,Bodal Chemicals Limited,NSE
BODHTREE.BO,Bodhtree Consulting Limited,BSE
BOHRAIND,Bohra Industries Limited,NSE
BOMBCYC.BO,BOMBAY CYCLE & MOTOR AGENCY LT,BSE
BOMBWIR.BO,BOMBAY WIRE ROPES LTD.,BSE
BOMDYEING,Bombay Dyeing & Mfg Company Limited,NSE
BOMOXY-B1.BO,BOMBAY OXYGEN INVESTMENTS LIMI,BSE
BOMTALKIES.BO,BOMBAY TALKIES LIMITED,BSE
BONLON,Bonlon Industries Limited,NSE
BORANA,Borana Weaves Limited,NSE
BOROLTD,Borosil Limited,NSE
BORORENEW,BOROSIL RENEWABLES LIMITED,NSE
BOROSCI,Borosil Scientific Limited,NSE
BOSCH-HCIL,BOSCH HOME COMFORT INDIA LIMITED,NSE
BOSCHLTD,Bosch Limited,NSE
BOSTON.BO,BOSTON COMMERCE LIMITED,BSE
BPAGRI.BO,Blue Pearl Agriventures Limite,BSE
BPCAP.BO,B. P. CAPITAL LTD,BSE
BPCL,Bharat Petroleum Corporation Limited,NSE
BPL,BPL Limited,NSE
BPLPHARMA,Bharat Parenterals Limited,NSE
BRADYM.BO,BRADY & MORRIS ENGINEERING CO.,BSE
BRAHMINFRA,Brahmaputra Infrastructure Limited,NSE
BRAWN.BO,BRAWN BIOTECH LTD.,BSE
BRIDGESE.BO,BRIDGE SECURITIES LTD.,BSE
BRIGADE,Brigade Enterprises Limited,NSE
BRIGHOTEL,Brigade Hotel Ventures Limited,NSE
BRIGHTBR,Bright Brothers Limited,NSE
BRIJLEAS.BO,BRIJLAXMI LEASING & FINANCE LT,BSE
BRITANNIA,Britannia Industries Limited,NSE
BRNL,Bharat Road Network Limited,NSE
BROOKS,Brooks Laboratories Limited,NSE
BRPL.BO,BANSAL ROOFING PRODUCTS LTD,BSE
BSE,BSE Limited,NSE
BSE500IETF,ICICI PRUDENTIAL BSE 500 ETF,NSE
BSELALGO.BO,BSEL ALGO LIMITED,BSE
BSHSL,Bombay Super Hybrid Seeds Limited,NSE
BSL,BSL Limited,NSE
BSLGOLDETF,ADITYA BIRLA SUN LIFE GOLD ETF - GROWTH,NSE
BSLNIFTY,ADITYA BIRLA SUN LIFE NIFTY 50 ETF,NSE
BSLSENETFG,ADITYA BIRLA SUN LIFE BSE SENSEX ETF,NSE
BSOFT,BIRLASOFT LIMITED,NSE
BTML,Bodhi Tree Multimedia Limited,NSE
BTTL,Bhilwara Technical Textiles Limited,NSE
BUILDPRO,Shankara Buildpro Limited,NSE
BURNPUR,Burnpur Cement Limited,NSE
BUTTERFLY,Butterfly Gandhimathi Appliances Limited,NSE
BVCL,Barak Valley Cements Limited,NSE
BYKE,The Byke Hospitality Ltd,NSE
CALCOM.BO,CALCOM VISION LTD.,BSE
CALSOFT,California Software Company Limited,NSE
CAMEXLTD.BO,CAMEX LTD.,BSE
CAMLINFINE,Camlin Fine Sciences Limited,NSE
CAMPUS,Campus Activewear Limited,NSE
CAMS,Computer Age Management Services Limited,NSE
CANBK,Canara Bank,NSE
CANDOUR.BO,CANDOUR TECHTEX LIMITED,BSE
CANFINHOME,Can Fin Homes Limited,NSE
CANHLIFE,Canara HSBC Life Insurance Company Limited,NSE
CANTABIL,Cantabil Retail India Limited,NSE
CAPACITE,Capacit'e Infraprojects Limited,NSE
CAPILLARY,Capillary Technologies India Limited,NSE
CAPITALSFB,Capital Small Finance Bank Limited,NSE
CAPLIPOINT,Caplin Point Laboratories Limited,NSE
CAPPIPES.BO,Captain Pipes Limited,BSE
CAPRICORN.BO,CAPRICORN SYSTEMS GLOBAL SOLUT,BSE
CAPRIHANS.BO,CAPRIHANS INDIA LTD.,BSE
CAPTRUST,Capital Trust Limited,NSE
CARBORUNIV,Carborundum Universal Limited,NSE
CARERATING,CARE Ratings Limited,NSE
CARNATIN.BO,CARNATION INDUSTRIES LTD.,BSE
CARRARO,Carraro India Limited,NSE
CARTRADE,Cartrade Tech Limited,NSE
CARYSIL,CARYSIL LIMITED,NSE
CASHIETF,ICICI PRUDENTIAL MF-ICICI PRUDENTIAL BSE LIQUID RATE ETF-GROWTH,NSE
CASPIAN.BO,CASPIAN CORPORATE SERVICES LIM,BSE
CASTORA.BO,CASTORA AGRI COMMODITIES LIMIT,BSE
CASTROLIND,Castrol India Limited,NSE
CATVISION.BO,CATVISION  LIMITED,BSE
CCAVENUE,AvenuesAI Limited,NSE
CCCL,Consolidated Construction Consortium Limited,NSE
CCDL.BO,Consecutive Commodities Limite,BSE
CCHHL,Country Club Hospitality & Holidays Limited,NSE
CCL,CCL Products (India) Limited,NSE
CCLINTER.BO,CCL INTERNATIONAL LTD.,BSE
CCME.BO,CCME GLOBAL LIMITED,BSE
CDSL,Central Depository Services (India) Limited,NSE
CEATLTD,CEAT Limited,NSE
CEENIK.BO,CEENIK EXPORTS (INDIA) LTD.,BSE
CEETAIN.BO,CEETA INDUSTRIES LTD.,BSE
CEIGALL,Ceigall India Limited,NSE
CEINSYS,Ceinsys Tech Limited,NSE
CELEBRITY,Celebrity Fashions Limited,NSE
CELLA.BO,CELLA SPACE LIMITED,BSE
CELLO,Cello World Limited,NSE
CEMAINFRA.BO,CEMANTIC INFRA-TECH LIMITED,BSE
CEMNTGROWW,GROWW MUTUAL FUND - GROWW NIFTY CEMENTS ETF,NSE
CEMPRO,Cemindia Projects Limited,NSE
CENLUB.BO,CENLUB INDUSTRIES LTD.,BSE
CENTENKA,Century Enka Limited,NSE
CENTEXT,Century Extrusions Limited,NSE
CENTEXT-RE,Century Extrusions Limited-RE,NSE
CENTRALBK,Central Bank of India,NSE
CENTRUM,Centrum Capital Limited,NSE
CENTUM,Centum Electronics Limited,NSE
CENTUPLE.BO,CENTUPLE GLOBAL LIMITED,BSE
CENTURYPLY,Century Plyboards (India) Limited,NSE
CERA,Cera Sanitaryware Limited,NSE
CESC,CESC Limited,NSE
CEWATER,Concord Enviro Systems Limited,NSE
CFEL,Confidence Futuristic Energetech Limited,NSE
CFF.BO,CFF FLUID CONTROL LIMITED,BSE
CFL.BO,Classic Filaments Limited,BSE
CGCL,Capri Global Capital Limited,NSE
CGPOWER,CG Power and Industrial Solutions Limited,NSE
CGVAK,CG Vak Software & Exports Limited,NSE
CHALET,Chalet Hotels Limited,NSE
CHALLANI.BO,CHALLANI CAPITAL LIMITED,BSE
CHAMBLFERT,Chambal Fertilizers & Chemicals Limited,NSE
CHANDNIMACH.BO,Chandni Machines Limited,BSE
CHANDRAP.BO,CHANDRA PRABHU INTERNATIONAL L,BSE
CHANDRIMA.BO,Chandrima Mercantiles limited,BSE
CHDCHEM.BO,CHD Chemicals Limited,BSE
CHEMBOND,Chembond Material Technologies Limited,NSE
CHEMBONDCH,Chembond Chemicals Limited,NSE
CHEMCON,Chemcon Speciality Chemicals Limited,NSE
CHEMCRUX,Chemcrux Enterprises Limited,NSE
CHEMFAB,Chemfab Alkalis Limited,NSE
CHEMICAL,KOTAK MAHINDRA MUTUAL FUND - KOTAK NIFTY CHEMICALS ETF,NSE
CHEMPLASTS,Chemplast Sanmar Limited,NSE
CHEMTECH.BO,CHEMTECH INDUSTRIAL VALVES LTD,BSE
CHENFERRO.BO,CHENNAI FERROUS INDUSTRIES LIM,BSE
CHENNPETRO,Chennai Petroleum Corporation Limited,NSE
CHEVIOT,Cheviot Company Limited,NSE
CHLLTD.BO,CHL LTD.,BSE
CHLOGIST.BO,CHARTERED LOGISTICS LTD.,BSE
CHMBBRW.BO,CHAMBAL BREWERIES & DISTILLERI,BSE
CHOICEGOLD,CHOICE MUTUAL FUND - CHOICE GOLD ETF,NSE
CHOICEIN,Choice International Limited,NSE
CHOKSI.BO,CHOKSI ASIA LIMITED,BSE
CHOKSILA.BO,CHOKSI LABORATORIES LTD.,BSE
CHOLAFIN,Cholamandalam Investment and Finance Company Limited,NSE
CHOLAHLDNG,Cholamandalam Financial Holdings Limited,NSE
CHOWGULSTM.BO,CHOWGULE STEAMSHIPS LTD.,BSE
CHROME.BO,Chrome Silicon Limited,BSE
CHRTEDCA.BO,CHARTERED CAPITAL & INVESTMENT,BSE
CIANAGRO.BO,CIAN Agro Ind & Infra Ltd,BSE
CIEINDIA,CIE Automotive India Limited,NSE
CIFL,Capital India Finance Limited,NSE
CILSEC.BO,CIL SECURITIES LIMITED,BSE
CINDHO.BO,CINDRELLA HOTELS LTD.,BSE
CINELINE,Cineline India Limited,NSE
CINEVISTA,Cinevista Limited,NSE
CIPLA,Cipla Limited,NSE
CITADEL.BO,CITADEL REALTY AND DEVELOPERS,BSE
CITIPOR.BO,CITIPORT FINANCIAL SERVICES LT,BSE
CITIZEN.BO,Citizen Solar Limited,BSE
CITURGIA.BO,CITURGIA BIOCHEMICALS LTD.,BSE
CITYMAN.BO,CITYMAN LTD.,BSE
CITYONLINE.BO,City Online Services Limited,BSE
CJGEL.BO,C.J.GELATINE PRODUCTS LTD.,BSE
CLCIND,CLC Industries Limited,NSE
CLEAN,Clean Science and Technology Limited,NSE
CLEANMAX,Clean Max Enviro Energy Solutions Limited,NSE
CLEDUCATE,CL Educate Limited,NSE
CLENON.BO,CLENON ENTERPRISES LIMITED,BSE
CLFL.BO,Classic Leasing & Finance Ltd.,BSE
CLIOINFO.BO,CLIO INFOTECH LTD.,BSE
CLSEL,Chaman Lal Setia Exports Limited,NSE
CMBL.BO,Corporate Merchant Bankers Lim,BSE
CMLL,Caliber Mining and Logistics Limited,NSE
CMMHOSP.BO,CHENNAI MEENAKSHI MULTISPECIAL,BSE
CMPDI,Central Mine Planning & Design Institute Limited,NSE
CMRGREEN,CMR Green Technologies Limited,NSE
CMSINFO,CMS Info Systems Limited,NSE
CMXLTD.BO,CMX HOLDINGS LIMITED,BSE
CNL,Creative Newtech Limited,NSE
COALINDIA,Coal India Limited,NSE
COASTCORP,Coastal Corporation Limited,NSE
COCHINM.BO,COCHIN MINERALS & RUTILE LTD.,BSE
COCHINSHIP,Cochin Shipyard Limited,NSE
COCHMAL.BO,COCHIN MALABAR ESTATES & INDUS,BSE
COCKERILL,John Cockerill India Limited,NSE
COFFEEDAY,Coffee Day Enterprises Limited,NSE
COFORGE,Coforge Limited,NSE
COHANCE,Cohance Lifesciences Limited,NSE
COLAB.BO,COLAB PLATFORMS LIMITED,BSE
COLINZ.BO,COLINZ LABORATORIES LTD.,BSE
COLORCHIPS.BO,COLORCHIPS NEW MEDIA LIMITED,BSE
COLPAL,Colgate Palmolive (India) Limited,NSE
COMCL.BO,COMFORT COMMOTRADE LTD.,BSE
COMFINCAP.BO,COMFORT FINCAP LTD.,BSE
COMFINTE,Comfort Intech Limited,NSE
COMMOIETF,ICICI PRUDENTIAL MUTUAL FUND - ICICI PRUDENTIAL NIFTY COMMODITIES ETF,NSE
COMPEAU,Competent Automobiles Company Limited,NSE
COMPUPN.BO,COMPUTER POINT LTD.,BSE
COMPUSOFT,Compucom Software Limited,NSE
COMSYN,Commercial Syn Bags Limited,NSE
CONART.BO,CONART ENGINEERS LTD.,BSE
CONCOR,Container Corporation of India Limited,NSE
CONCORD.BO,Concord Drugs Limited,BSE
CONCORDBIO,Concord Biotech Limited,NSE
CONFIPET,Confidence Petroleum India Limited,NSE
CONS,KOTAK NIFTY INDIA CONSUMPTION ETF,NSE
CONSOFINVT,Consolidated Finvest & Holdings Limited,NSE
CONSTRONIC.BO,CONSTRONICS INFRA LIMITED,BSE
CONSUMAXIS,AXIS MUTUAL FUND - AXIS NIFTY INDIA CONSUMPTION ETF,NSE
CONSUMBEES,NIPPON INDIA ETF NIFTY INDIA CONSUMPTION,NSE
CONSUMER,MIRAE ASSET MF- MIRAE ASSET NIFTY INDIA NEW AGE CONSUMPTION ETF,NSE
CONSUMIETF,ICICI PRUDENTIAL NIFTY INDIA CONSUMPTION ETF,NSE
CONTAINER.BO,Containerway International Lim,BSE
CONTICON.BO,CONTINENTAL CONTROLS LTD.,BSE
CONTILI.BO,CONTIL INDIA LTD.,BSE
CONTPTR.BO,CONTINENTAL PETROLEUMS LTD.,BSE
CONTROLPR,Control Print Limited,NSE
CORALAB.BO,CORAL LABORATORIES LTD.,BSE
CORALFINAC,Coral India Finance & Housing Limited,NSE
CORDELIA,Waterways Leisure Tourism Limited,NSE
CORDSCABLE,Cords Cable Industries Limited,NSE
CORNE.BO,CORAL NEWSPRINTS LTD.,BSE
COROENGG.BO,COROMANDEL ENGINEERING COMPANY,BSE
COROMANDEL,Coromandel International Limited,NSE
CORONA,CORONA Remedies Limited,NSE
COSCO.BO,COSCO (INDIA) LTD.,BSE
COSMOFE.BO,COSMO FERRITES LTD.,BSE
COSMOFIRST,COSMO FIRST LIMITED,NSE
COSYN.BO,COSYN Limited,BSE
COUNCODOS,Country Condo's Limited,NSE
COVANCE.BO,COVANCE SOFTSOL LIMITED,BSE
CPCAP,CP Capital Limited,NSE
CPEDU,Career Point Edutech Limited,NSE
CPL,Captain Polyplast Limited,NSE
CPPLUS,Aditya Infotech Limited,NSE
CPSEETF,CPSE ETF,NSE
CRAFTSMAN,Craftsman Automation Limited,NSE
CRAMC,Canara Robeco Asset Management Company Limited,NSE
CRANEINFRA.BO,Crane Infrastructure Limited,BSE
CRANESSOFT.BO,CRANES SOFTWARE INTERNATIONAL,BSE
CRANEX.BO,CRANEX LTD.,BSE
CRAVATEX,Cravatex Limited,NSE
CREATIVE.BO,Creative Castings Limited,BSE
CREATIVEYE,Creative Eye Limited,NSE
CREDITACC,CREDITACCESS GRAMEEN LIMITED,NSE
CRESCENTIS.BO,Crescentis Capital Limited,BSE
CREST,Crest Ventures Limited,NSE
CRESTO,CRESTO TECHNO LIMITED,NSE
CRISIL,Crisil Limited,NSE
CRIZAC,Crizac Limited,NSE
CROISSANCE.BO,CROISSANCE LIMITED,BSE
CROMPTON,Crompton Greaves Consumer Electricals Limited,NSE
CROPSTER.BO,CROPSTER AGRO LIMITED,BSE
CROWN,Crown Lifters Limited,NSE
CRSTCHM.BO,CRESTCHEM LTD.,BSE
CRYSTAL.BO,CRYSTAL BUSINESS SYSTEM LIMITE,BSE
CSBBANK,CSB Bank Limited,NSE
CSL.BO,Continental Securities Limited,BSE
CSLFINANCE,CSL Finance Limited,NSE
CSM,CSM Technologies Limited,NSE
CSURGSU.BO,CENTENIAL SURGICAL SUTURE LTD.,BSE
CTE,Cambridge Technology Enterprises Limited,NSE
CTL.BO,CAPITAL TRADE LINKS LTD,BSE
CUB,City Union Bank Limited,NSE
CUBEXTUB,Cubex Tubings Limited,NSE
CUBIFIN.BO,CUBICAL FINANCIAL SERVICES LTD,BSE
CUMMINSIND,Cummins India Limited,NSE
CUPID,Cupid Limited,NSE
CUPIDALBV.BO,CUPID BREWERIES AND DISTILLERI,BSE
CURAA,Cura Technologies Limited,NSE
CYBELEIND.BO,CYBELE INDUSTRIES LTD.,BSE
CYBERMEDIA,Cyber Media (India) Limited,NSE
CYBERTECH,Cybertech Systems And Software Limited,NSE
CYIENT,Cyient Limited,NSE
CYIENTDLM,Cyient DLM Limited,NSE
DABUR,Dabur India Limited,NSE
DAICHI,Dai-Ichi Karkaria Limited,NSE
DAIKAFFI.BO,DAIKAFFIL CHEMICALS INDIA LTD.,BSE
DALBHARAT,Dalmia Bharat Limited,NSE
DALMIASUG,Dalmia Bharat Sugar and Industries Limited,NSE
DAMCAPITAL,Dam Capital Advisors Limited,NSE
DAMODARIND,Damodar Industries Limited,NSE
DANGEE,Dangee Dums Limited,NSE
DANLAW.BO,DANLAW TECHNOLOGIES INDIA LTD.,BSE
DANUBE.BO,DANUBE INDUSTRIES LIMITED,BSE
DARJEELING.BO,DARJEELING INDUSTRIIES LIMITED,BSE
DARSHANORNA.BO,Darshan Orna Limited,BSE
DATAMATICS,Datamatics Global Services Limited,NSE
DATAPATTNS,Data Patterns (India) Limited,NSE
DAULAT.BO,DAULAT SECURITIES LTD.,BSE
DAVANGERE,Davangere Sugar Company Limited,NSE
DBCORP,D.B.Corp Limited,NSE
DBEIL,Deepak Builders & Engineers India Limited,NSE
DBL,Dilip Buildcon Limited,NSE
DBOL,Dhampur Bio Organics Limited,NSE
DBREALTY,Valor Estate Limited,NSE
DBSTOCKBRO,DB (International) Stock Brokers Limited,NSE
DCAL,Dishman Carbogen Amcis Limited,NSE
DCBBANK,DCB Bank Limited,NSE
DCI,Dc Infotech And Communication Limited,NSE
DCM,DCM  Limited,NSE
DCMFINSERV,DCM Financial Services Limited,NSE
DCMNVL,DCM Nouvelle Limited,NSE
DCMSHRIRAM,DCM Shriram Limited,NSE
DCMSIL,DCM Shriram International Limited,NSE
DCMSRIND,DCM Shriram Industries Limited,NSE
DCW,DCW Limited,NSE
DCXINDIA,DCX Systems Limited,NSE
DDEVPLSTIK,Ddev Plastiks Industries Limited,NSE
DECCAN.BO,Deccan Health Care Limited,BSE
DECCANCE,Deccan Cements Limited,NSE
DECIPHER.BO,DECIPHER LABS LIMITED,BSE
DECNGOLD,Deccan Gold Mines Limited,NSE
DECOMIC.BO,DECO-MICA LTD.,BSE
DECPO.BO,DECCAN POLYPACKS LTD.,BSE
DEEDEV,DEE Development Engineers Limited,NSE
DEEP,Deep Polymers Limited,NSE
DEEPA,Deepa Jewellers Limited,NSE
DEEPAI.BO,Deep Health AI India Limited,BSE
DEEPAKFERT,Deepak Fertilizers and Petrochemicals Corporation Limited,NSE
DEEPAKNTR,Deepak Nitrite Limited,NSE
DEEPAKSP.BO,DEEPAK SPINNERS LTD.,BSE
DEEPINDS,Deep Industries Limited,NSE
DEFENCE,MIRAE ASSET MUTUAL FUND - MIRAE ASSET BSE INDIA DEFENCE ETF,NSE
DEL.BO,Dhanashree Electronics Limited,BSE
DELHIVERY,Delhivery Limited,NSE
DELPHIFX,DELPHI WORLD MONEY LIMITED,NSE
DELTA.BO,Delta Industrial Resources Lim,BSE
DELTACORP,Delta Corp Limited,NSE
DELTAMAGNT,Delta Manufacturing Limited,NSE
DEN,Den Networks Limited,NSE
DENISCHEM.BO,DENIS CHEM LAB LTD,BSE
DENORA,De Nora India Limited,NSE
DENTA,Denta Water and Infra Solutions Limited,NSE
DESIFARMS.BO,Desi Farms India Limited,BSE
DEVIT,Dev Information Technology Limited,NSE
DEVX,Dev Accelerator Limited,NSE
DEVYANI,Devyani International Limited,NSE
DFL.BO,Decillion Finance Ltd.,BSE
DGCONTENT,Digicontent Limited,NSE
DHABRIYA,Dhabriya Polywood Limited,NSE
DHAMPURE.BO,DHAMPURE SPECIALITY SUGARS LTD,BSE
DHAMPURSUG,Dhampur Sugar Mills Limited,NSE
DHANBANK,Dhanlaxmi Bank Limited,NSE
DHANCOT.BO,DHANLAXMI COTEX LTD.,BSE
DHANFAB.BO,DHANLAXMI FABRICS LTD.,BSE
DHANROTO.BO,DHANALAXMI ROTO SPINNERS LTD.,BSE
DHANSAFAL.BO,DHANSAFAL FINSERVE LIMITED,BSE
DHANUKA,Dhanuka Agritech Limited,NSE
DHARFIN.BO,DHARANI FINANCE LTD.,BSE
DHARMAJ,Dharmaj Crop Guard Limited,NSE
DHATRE,Dhatre Udyog Limited,NSE
DHENUBUILD.BO,DHENU BUILDCON INFRA LTD.,BSE
DHINDIA.BO,D&H INDIA LTD,BSE
DHOOTIN.BO,DHOOT INDUSTRIAL FINANCE LTD.,BSE
DHOOTTRANS,Dhoot Transmission Limited,NSE
DHPIND.BO,DHP INDIA LTD.,BSE
DHRUV,Dhruv Consultancy Services Limited,NSE
DHRUVCA.BO,DHRUVA CAPITAL SERVICES LTD.,BSE
DHUNINV,Dhunseri Investments Limited,NSE
DHVIJAFIN.BO,DHVIJA FINANCE LIMITED,BSE
DIACABS,Diamond Power Infrastructure Limited,NSE
DIAMANT.BO,DIAMANT INFRASTRUCTURE LIMITED,BSE
DIAMINESQ,Diamines & Chemicals Limited,NSE
DIAMONDYD,Prataap Snacks Limited,NSE
DIANATEA.BO,DIANA TEA CO.LTD.,BSE
DICIND,DIC India Limited,NSE
DIDL.BO,DALMIA INDUSTRIAL DEVELOPMENT,BSE
DIFFNKG,Diffusion Engineers Limited,NSE
DIGIDRIVE,Digidrive Distributors Limited,NSE
DIGISPICE,DiGiSPICE Technologies Limited,NSE
DIGITIDE,Digitide Solutions Limited,NSE
DIGJAMLMTD,Digjam Limited,NSE
DILIGENT.BO,DILIGENT INDUSTRIES LTD.,BSE
DISAQ,Disa India Limited,NSE
DISHTV,Dish TV India Limited,NSE
DITCO.BO,Decorous Investment and Tradin,BSE
DIVGIITTS,Divgi Torqtransfer Systems Limited,NSE
DIVIDEND,MIRAE ASSET MUTUAL FUND - MIRAE ASSET BSE 500 DIVIDEND LEADERS 50 ETF,NSE
DIVISLAB,Divi's Laboratories Limited,NSE
DIVOPPBEES,NIPPON INDIA ETF NIFTY DIVIDEND OPPORTUNITIES 50,NSE
DIVSHKT.BO,DIVYASHAKTI LIMITED,BSE
DIXON,Dixon Technologies (India) Limited,NSE
DJML,DJ Mediaprint & Logistics Limited,NSE
DJSSS.BO,DJS STOCK & SHARES LTD.,BSE
DLF,DLF Limited,NSE
DLINKINDIA,D-Link (India) Limited,NSE
DLTNCBL.BO,DELTON CABLES LTD.,BSE
DMART,Avenue Supermarts Limited,NSE
DMCC,DMCC SPECIALITY CHEMICALS LIMITED,NSE
DNAMEDIA,Diligent Media Corporation Limited,NSE
DODLA,Dodla Dairy Limited,NSE
DOLATALGO,Dolat Algotech Limited,NSE
DOLFIN.BO,Dolfin Rubbers Limited,BSE
DOLLAR,Dollar Industries Limited,NSE
DOLLEX,Dollex Agrotech Limited,NSE
DOLPHIN,Dolphin Offshore Enterprises (India) Limited,NSE
DOLPHMED.BO,DOLPHIN MEDICAL SERVICES LTD.,BSE
DOMS,DOMS Industries Limited,NSE
DONEAR,Donear Industries Limited,NSE
DPABHUSHAN,D. P. Abhushan Limited,NSE
DPSCLTD,DPSC Limited,NSE
DPWIRES,D P Wires Limited,NSE
DRAGARWQ,Dr Agarwals Eye Hospital Limited,NSE
DRCSYSTEMS,DRC Systems India Limited,NSE
DREAMFOLKS,Dreamfolks Services Limited,NSE
DREDGECORP,Dredging Corporation of India Limited,NSE
DRL.BO,DISHA RESOURCES LIMITED,BSE
DRREDDY,Dr. Reddy's Laboratories Limited,NSE
DSFCL,DCM Shriram Fine Chemicals Limited,NSE
DSINVEST.BO,DALAL STREET INVESTMENTS LTD.,BSE
DSKULKARNI,DS Kulkarni Developers Limited,NSE
DSSL,Dynacons Systems & Solutions Limited,NSE
DTIL,Dhunseri Tea & Industries Limited,NSE
DUCON,Ducon Infratechnologies Limited,NSE
DUKEOFS.BO,DUKE OFFSHORE LTD.,BSE
DUNCANENG.BO,Duncan Engineering Limited,BSE
DUROPACK.BO,DUROPACK LTD.,BSE
DUROPLY.BO,DUROPLY INDUSTRIES LIMITED,BSE
DUTRON.BO,DUTRON POLYMERS LTD.,BSE
DVL,Dhunseri Ventures Limited,NSE
DWARKESH,Dwarikesh Sugar Industries Limited,NSE
DYCL,Dynamic Cables Limited,NSE
DYNAMATECH,Dynamatic Technologies Limited,NSE
DYNAMICP.BO,DYNAMIC PORTFOLIO MANAGEMENT &,BSE
DYNAMIND.BO,DYNAMIC INDUSTRIES LTD.,BSE
DYNAVSN.BO,DYNAVISION LTD.,BSE
DYNPRO,Dynemic Products Limited,NSE
E2E,E2E Networks Limited,NSE
EASEMYTRIP,Easy Trip Planners Limited,NSE
EASTBUILD.BO,EAST BUILDTECH LTD.,BSE
EASTINDIA.BO,East India Drums and Barrels M,BSE
EASTRED.BO,EASTERN TREADS LTD.,BSE
EASTSILK,Eastern Silk Industries Limited,NSE
EASTWEST,East West Freight Carriers Limited,NSE
EASUN.BO,Easun Capital Markets Limited,BSE
EBANK10,EDELWEISS MUTUAL FUND - EDELWEISS BSE TOP 10 BANK ETF,NSE
EBANKNIFTY,EDELWEISS MUTUAL FUND - EDELWEISS NIFTY BANK ETF,NSE
EBBETF0430,EDELWEISS MUTUAL FUND - BHARAT BOND  ETF - APRIL 2030,NSE
EBBETF0431,EDELWEISS MUTUAL FUND - BHARAT BOND ETF - APRIL 2031,NSE
EBBETF0433,EDELWEISS MUTUAL FUND - BHARAT BOND ETF-APRIL 2033,NSE
EBGNG,GNG Electronics Limited,NSE
EBIX,EBIX Limited,NSE
ECAPINSURE,EDELWEISS MUTUAL FUND - EDELWEISS BSE CAPITAL MARKETS & INSURANCE ETF,NSE
ECLERX,eClerx Services Limited,NSE
ECOBOAR.BO,ECOBOARD INDUSTRIES LTD.,BSE
ECOFINITY.BO,ECOFINITY ATOMIX LIMITED,BSE
ECOHOTELS.BO,ECO HOTELS AND RESORTS LIMITED,BSE
ECOPLAST.BO,ECOPLAST LTD.,BSE
ECORECO,Eco Recycling Limited,NSE
ECOSMOBLTY,Ecos (India) Mobility & Hospitality Limited,NSE
ECS.BO,ECS Biztech Limited,BSE
EDELWEISS,Edelweiss Financial Services Limited,NSE
EDVENSWA.BO,Edvenswa Enterprises Limited,BSE
EFCIL,EFC (I) Limited,NSE
EGOLD,EDELWEISS MUTUAL FUND -EDELWEISS GOLD ETF,NSE
EICHERMOT,Eicher Motors Limited,NSE
EIDPARRY,EID Parry India Limited,NSE
EIEL,Enviro Infra Engineers Limited,NSE
EIFFL,Euro India Fresh Foods Limited,NSE
EIHAHOTELS,EIH Associated Hotels Limited,NSE
EIHOTEL,EIH Limited,NSE
EIKO.BO,EIKO LIFESCIENCES LIMITED,BSE
EIMCOELECO,Eimco Elecon (India) Limited,NSE
EKAMLEA.BO,EKAM LEASING & FINANCE CO.LTD.,BSE
EKANSH.BO,Ekansh Concepts Limited,BSE
EKC,Everest Kanto Cylinder Limited,NSE
EKI,EKI Energy Services Limited,NSE
ELAND.BO,E-Land Apparel Limited,BSE
ELANGO.BO,ELANGO INDUSTRIES LTD.,BSE
ELANTAS,Elantas Beck India Limited,NSE
ELCIDIN,EL CID Investments Limited,NSE
ELDEHSG,Eldeco Housing And Industries Limited,NSE
ELECON,Elecon Engineering Company Limited,NSE
ELECTCAST,Electrosteel Castings Limited,NSE
ELECTHERM,Electrotherm (India) Limited,NSE
ELEFLOR.BO,ELEGANT FLORICULTURE & AGROTEC,BSE
ELEMARB.BO,ELEGANT MARBLES & GRANI INDUST,BSE
ELEVATE,Elevate Campuses Limited,NSE
ELFORGE.BO,EL FORGE LTD.,BSE
ELGIEQUIP,Elgi Equipments Limited,NSE
ELGIRUBCO,Elgi Rubber Company Limited,NSE
ELIN,Elin Electronics Limited,NSE
ELIQUID,EDELWEISS MUTUAL FUND - EDELWEISS NIFTY 1D RATE LIQUID ETF,NSE
ELITECON,Elitecon International Limited,NSE
ELIXIR.BO,Elixir Capital Limited,BSE
ELLEN,Ellenbarrie Industrial Gases Limited,NSE
ELM250,EDELWEISS MUTUAL FUND - EDELWEISS NIFTY LARGEMIDCAP 250 ETF,NSE
ELMDIV,EDELWEISS MF - EDELWEISS BSE LARGEMID (60:40) STABLE DIVIDEND 50 ETF,NSE
ELNET.BO,ELNET TECHNOLOGIES LTD.,BSE
ELPROINTL,Elpro International Limited,NSE
EMAINDIA.BO,EMA INDIA LTD.,BSE
EMAMILTD,Emami Limited,NSE
EMAMIPAP,Emami Paper Mills Limited,NSE
EMAMIREAL,Emami Realty Limited,NSE
EMBDL,Embassy Developments Limited,NSE
EMCURE,Emcure Pharmaceuticals Limited,NSE
EMERALD.BO,Emerald Finance Limited,BSE
EMERALL.BO,Emerald Leisures Limited,BSE
EMERGENT.BO,EMERGENT INDUSTRIAL SOLUTIONS,BSE
EMETAL,EDELWEISS MUTUAL FUND - EDELWEISS NIFTY METAL ETF,NSE
EMIL,Electronics Mart India Limited,NSE
EMKAY,Emkay Global Financial Services Limited,NSE
EMMBI,Emmbi Industries Limited,NSE
EMMESSA.BO,EMMESSAR BIOTECH & NUTRITION L,BSE
EMMVEE,Emmvee Photovoltaic Power Limited,NSE
EMPIND,Empire Industries Limited,NSE
EMPOWER,Empower India Limited,NSE
EMROCK.BO,EMROCK CORPORATION LIMITED,BSE
EMSLIMITED,EMS Limited,NSE
EMUDHRA,eMudhra Limited,NSE
EMULTIMQ,EDELWEISS MF - EDELWEISS NIFTY500 MULTICAP MOMENTUM QUALITY 50 ETF,NSE
ENBETRD.BO,Enbee Trade &amp; Finance Ltd,BSE
ENCODE.BO,ENCODE PACKAGING INDIA LIMITED,BSE
ENDURANCE,Endurance Technologies Limited,NSE
ENERGY,MIRAE ASSET MUTUAL FUND - MIRAE ASSET NIFTY ENERGY ETF,NSE
ENERGYAXIS,AXIS MUTUAL FUND - AXIS NIFTY ENERGY ETF,NSE
ENERGYDEV,Energy Development Company Limited,NSE
ENEXT50,EDELWEISS MUTUAL FUND - EDELWEISS NIFTY NEXT 50 ETF,NSE
ENGINERSIN,Engineers India Limited,NSE
ENIFTY,EDELWEISS MUTUAL FUND - EDELWEISS NIFTY 50 ETF,NSE
ENIL,Entertainment Network (India) Limited,NSE
ENKEIWHEL,Enkei Wheels (India) Limited,NSE
ENRIN,Siemens Energy India Limited,NSE
ENTERO,Entero Healthcare Solutions Limited,NSE
ENVAIREL.BO,ENVAIR ELECTRODYNE LTD.,BSE
EPACK,EPACK Durable Limited,NSE
EPACKPEB,EPack Prefab Technologies Limited,NSE
EPIC.BO,EPIC ENERGY LTD.,BSE
EPIGRAL,Epigral Limited,NSE
EPL,EPL Limited,NSE
EPSOMPRO.BO,EPSOM PROPERTIES LTD.,BSE
EPUJA.BO,EPUJA SPIRITECH LIMITED,BSE
EQUAL200,MIRAE ASSET MUTUAL FUND - MIRAE ASSET BSE 200 EQUAL WEIGHT ETF,NSE
EQUAL50,MIRAE ASSET MUTUAL FUND - MIRAE ASSET NIFTY50 EQUAL WEIGHT ETF,NSE
EQUAL50ADD,DSP  MUTUAL FUND - DSP NIFTY 50 EQUAL WEIGHT ETF,NSE
EQUILATERA.BO,EQUILATERAL ENTERPRISES LIMITE,BSE
EQUIPPP,Equippp Social Impact Technologies Limited,NSE
EQUITASBNK,Equitas Small Finance Bank Limited,NSE
ERIS,Eris Lifesciences Limited,NSE
ESABINDIA,Esab India Limited,NSE
ESAFSFB,ESAF Small Finance Bank Limited,NSE
ESARIND.BO,ESAAR (INDIA) LTD.,BSE
ESCORP.BO,Escorp Asset Management Limite,BSE
ESCORTS,Escorts Kubota Limited,NSE
ESDS,ESDS Software Solution Limited,NSE
ESENSEX,EDELWEISS MUTUAL FUND - EDELWEISS BSE SENSEX ETF,NSE
ESG,MIRAE ASSET MUTUAL FUND - MIRAE ASSET NIFTY 100 ESG SECTOR LEADERS ETF,NSE
ESHAMEDIA.BO,ESHA MEDIA RESEARCH LIMITED,BSE
ESILVER,EDELWEISS MUTUAL FUND - EDELWEISS SILVER ETF,NSE
ESPIRE.BO,ESPIRE HOSPITALITY LIMITED,BSE
ESSARSHPNG,Essar Shipping Limited,NSE
ESSENTIA,Integra Essentia Limited,NSE
ESTER,Ester Industries Limited,NSE
ETERNAL,ETERNAL LIMITED,NSE
ETHOSLTD,Ethos Limited,NSE
ETIL.BO,Econo Trade (India) Limited,BSE
EUREKAFORB,Eureka Forbes Limited,NSE
EUREKAI.BO,EUREKA INDUSTRIES LTD.,BSE
EUROBOND,Euro Panel Products Limited,NSE
EUROLED.BO,EURO LEDER FASHION LTD.,BSE
EUROPRATIK,Euro Pratik Sales Limited,NSE
EUROTEXIND,Eurotex Industries and Exports Limited,NSE
EVEREADY,Eveready Industries India Limited,NSE
EVERESTIND,Everest Industries Limited,NSE
EVERESTO.BO,EVEREST ORGANICS LTD.,BSE
EVEXIA.BO,EVEXIA LIFECARE LIMITED,BSE
EVIETF,ICICI PRUDENTIAL MF-ICICI PRUDENTIAL NIFTY EV & NEW AGE AUTOMOTIVE ETF,NSE
EVINDIA,MIRAE ASSET MF - MIRAE ASSET NIFTY EV AND NEW AGE AUTOMOTIVE ETF,NSE
EXCELINDUS,Excel Industries Limited,NSE
EXCELSOFT,Excelsoft Technologies Limited,NSE
EXICOM,Exicom Tele-Systems Limited,NSE
EXIDEIND,Exide Industries Limited,NSE
EXPLEOSOL,Expleo Solutions Limited,NSE
EXPLICITFIN.BO,EXPLICIT FINANCE LTD.,BSE
EXPOEAPL.BO,EXPO ENGINEERING AND PROJECTS,BSE
EXXARO,Exxaro Tiles Limited,NSE
FABTECH,Fabtech Technologies Limited,NSE
FACORALL.BO,FACOR ALLOYS LTD.,BSE
FACT,Fertilizers and Chemicals Travancore Limited,NSE
FAIRCHEMOR,Fairchem Organics Limited,NSE
FAMILYCARE.BO,FAMILY CARE HOSPITALS LIMITED,BSE
FAZE3Q,Faze Three Limited,NSE
FCL,Fineotex Chemical Limited,NSE
FCSSOFT,FCS Software Solutions Limited,NSE
FDC,FDC Limited,NSE
FEDDERSHOL,Fedders Holding Limited,NSE
FEDERALBNK,The Federal Bank  Limited,NSE
FEDFINA,Fedbank Financial Services Limited,NSE
FERMENTA,Fermenta Biotech Limited,NSE
FERVENTSYN.BO,FERVENT SYNERGIES LTD.,BSE
FGP.BO,FGP LTD.,BSE
FIBERWEB,Fiberweb (India) Limited,NSE
FIEMIND,Fiem Industries Limited,NSE
FILATEX,Filatex India Limited,NSE
FILATFASH,Filatex Fashions Limited,NSE
FILME.BO,FILMCITY MEDIA LTD.,BSE
FILTRON.BO,FILTRON ENGINEERS LTD.,BSE
FINANCE.BO,Seksaria Finance Limited,BSE
FINCABLES,Finolex Cables Limited,NSE
FINELINE.BO,FINE-LINE CIRCUITS LTD.,BSE
FINEORG,Fine Organic Industries Limited,NSE
FINIETF,ICICI PRUDENTIAL MUTUAL FUND - ICICI PRU NIFTY FIN SER EX-BANK ETF,NSE
FINKURVE,Finkurve Financial Services Limited,NSE
FINOPB,Fino Payments Bank Limited,NSE
FINPIPE,Finolex Industries Limited,NSE
FIRSTCRY,Brainbees Solutions Limited,NSE
FIRSTFIN.BO,FIRST FINTEC LIMITED,BSE
FISCHER,Fischer Medical Ventures Limited,NSE
FIVESTAR,Five-Star Business Finance Limited,NSE
FLAIR,Flair Writing Industries Limited,NSE
FLEXFO.BO,FLEX FOODS LTD.,BSE
FLEXIADD,DSP MUTUAL FUND - DSP NIFTY500 FLEXICAP QUALITY 30 ETF,NSE
FLEXITUFF,Flexituff Ventures International Limited,NSE
FLOMIC.BO,FLOMIC GLOBAL LOGISTICS LIMITE,BSE
FLORACORP.BO,Flora Corporation Limited,BSE
FLUIDOM.BO,FLUIDOMAT LTD.,BSE
FLUOROCHEM,Gujarat Fluorochemicals Limited,NSE
FMCGADD,DSP MUTUAL FUND - DSP NIFTY FMCG ETF,NSE
FMCGIETF,ICICI PRUDENTIAL MUTUAL FUND - ICICI PRUDENTIAL NIFTY FMCG ETF,NSE
FMGOETZE,Federal-Mogul Goetze (India) Limited.,NSE
FMNL,Future Market Networks Limited,NSE
FOCUS,Focus Lighting and Fixtures Limited,NSE
FOODSIN,Foods & Inns Limited,NSE
FORBESCO.BO,FORBES & COMPANY LTD.,BSE
FORCEMOT,FORCE MOTORS LTD,NSE
FORINTL.BO,FORTUNE INTERNATIONAL LTD.,BSE
FORTIS,Fortis Healthcare Limited,NSE
FORTISMLR.BO,FORTIS MALAR HOSPITALS LIMITED,BSE
FOSECOC.BO,FOSECO CRUCIBLE INDIA LIMITED,BSE
FOSECOIND,Foseco India Limited,NSE
FRACTAL,Fractal Analytics Limited,NSE
FRANKLININD.BO,Franklin Industries Limited,BSE
FRASER.BO,Fraser And Company Limited,BSE
FRATELLI.BO,Fratelli Vineyards Limited,BSE
FREDUN,Fredun Pharmaceuticals Limited,NSE
FRESITA.BO,FRESITA PROTEINS LIMITED,BSE
FRONTCAP.BO,FRONTIER CAPITAL LIMITED,BSE
FRONTSP,Frontier Springs Limited,NSE
FRUTION.BO,FRUITION VENTURE LTD,BSE
FSL,Firstsource Solutions Limited,NSE
FUNDVISER.BO,FUNDVISER CAPITAL (INDIA) LIMI,BSE
FUSION,Fusion Finance Limited,NSE
FUTSOL.BO,FUTURISTIC SOLUTIONS LTD.,BSE
FYNX.BO,FYNX CAPITAL LIMITED,BSE
GABRIEL,Gabriel India Limited,NSE
GAEL,Gujarat Ambuja Exports Limited,NSE
GAGAN.BO,GAGAN GASES LTD.,BSE
GAIL,GAIL (India) Limited,NSE
GAJA,Gaja Alternative Asset Management Limited,NSE
GAJANANSEC.BO,GAJANAN SECURITIES SERVICES LT,BSE
GALACTICO.BO,Galactico Corporate Services L,BSE
GALADAFIN.BO,Galada Finance Limited,BSE
GALAGEX.BO,GALAXY AGRICO EXPORTS LTD.,BSE
GALAPREC,Gala Precision Engineering Limited,NSE
GALAXYSURF,Galaxy Surfactants Limited,NSE
GALLANTT,Gallantt Ispat Limited,NSE
GALLOPENT.BO,GALLOPS ENTERPRISE LTD.,BSE
GALXBRG.BO,GALAXY BEARINGS LTD.,BSE
GAMCO.BO,GAMCO LIMITED,BSE
GANDHAR,Gandhar Oil Refinery (India) Limited,NSE
GANDHITUBE,Gandhi Special Tubes Limited,NSE
GANECOS,Ganesha Ecosphere Limited,NSE
GANESHBE,Ganesh Benzoplast Limited,NSE
GANESHCP,Ganesh Consumer Products Limited,NSE
GANESHHOU,GANESH HOUSING LIMITED,NSE
GANGAFORGE,Ganga Forging Limited,NSE
GANGAPA.BO,GANGA PAPERS INDIA LTD.,BSE
GANGESSECU,Ganges Securities Limited,NSE
GANHOLD.BO,GANESH HOLDINGS LTD.,BSE
GANONPRO.BO,Ganon Products Limited,BSE
GARBIFIN.BO,Garbi Finvest Limited,BSE
GARFIBRES,Garware Technical Fibres Limited,NSE
GARGFUR.BO,GARG FURNACE LTD.,BSE
GARMNTMNTR.BO,GARMENT MANTRA LIFESTYLE LIMIT,BSE
GARNET.BO,GARNET CONSTRUCTION LTD.,BSE
GARNETINT.BO,GARNET INTERNATIONAL LTD.,BSE
GARUDA,Garuda Construction and Engineering Limited,NSE
GARWAMAR.BO,GARWARE MARINE INDUSTRIES LTD.,BSE
GARWAOFFS.BO,GARWARE OFFSHORE SERVICES LIMI,BSE
GARWSYN.BO,GARWARE SYNTHETICS LTD.,BSE
GATECH,GACM Technologies Limited,NSE
GATECHDVR,GACM Technologies Limited,NSE
GATEWAY,Gateway Distriparks Limited,NSE
GAUDIUMIVF,Gaudium IVF and Women Health Limited,NSE
GAYAHWS,Gayatri Highways Limited,NSE
GAYAPROJ,Gayatri Projects Limited,NSE
GAYATRI.BO,GAYATRI SUGARS LTD.,BSE
GAYATRIBI.BO,GAYATRI BIOORGANICS LTD.,BSE
GBFL.BO,Goenka Business & Finance Limi,BSE
GBLINFRA.BO,GLOBAL INFRATECH & FINANCE LIM,BSE
GCMSECU.BO,GCM SECURITIES LTD,BSE
GCSL,Gretex Corporate Services Limited,NSE
GDLLEAS.BO,GDL LEASING & FINANCE LTD.,BSE
GEE.BO,GEE LTD.,BSE
GEECEE,GeeCee Ventures Limited,NSE
GEEKAYWIRE,Geekay Wires Limited,NSE
GEETANJ.BO,Geetanjali Credit And Capital,BSE
GEMAROMA,Gem Aromatics Limited,NSE
GEMSI.BO,GEMSTONE INVESTMENTS LTD.,BSE
GENCON,Generic Engineering Construction and Projects Limited,NSE
GENESYS,Genesys International Corporation Limited,NSE
GENNEX.BO,GENNEX LABORATORIES LTD.,BSE
GENPHARMA.BO,GENPHARMASEC LIMITED,BSE
GENUSPAPER,Genus Paper & Boards Limited,NSE
GENUSPOWER,Genus Power Infrastructures Limited,NSE
GENUSPRIME.BO,GENUS PRIME INFRA LIMITED,BSE
GEOJITFSL,Geojit Financial Services Limited,NSE
GERMAN,German Green Steel and Power Limited,NSE
GESHIP,The Great Eastern Shipping Company Limited,NSE
GFLLIMITED,GFL Limited,NSE
GFSTEELS,Grand Foundry Limited,NSE
GGAUTO.BO,G.G.AUTOMOTIVE GEARS LTD.,BSE
GGDPROP.BO,G. G. Dandekar Properties Limi,BSE
GGL.BO,Gautam Gems Limited,BSE
GGPL.BO,Gala Global Products Limited,BSE
GHCL,GHCL Limited,NSE
GHCLTEXTIL,GHCL Textiles Limited,NSE
GHVINFRA.BO,GHV INFRA PROJECTS LIMITED,BSE
GIANLIFE.BO,Gian Life Care Limited,BSE
GICHSGFIN,GIC Housing Finance Limited,NSE
GICL,Globe International Carriers Limited,NSE
GICRE,General Insurance Corporation of India,NSE
GILADAFINS.BO,Gilada Finance & Investments L,BSE
GILLANDERS,Gillanders Arbuthnot & Company Limited,NSE
GILLETTE,Gillette India Limited,NSE
GILT10BETA,UTI MUTUAL FUND - UTI NIFTY 10 YR BENCHMARK G-SEC ETF,NSE
GILT5BETA,UTI MUTUAL FUND - UTI NIFTY 5 YR BENCHMARK G-SEC ETF,NSE
GILT5YBEES,NIPPON INDIA ETF NIFTY 5 YR BENCHMARK GSEC,NSE
GINISILK.BO,GINI SILK MILLS LTD.,BSE
GINNIFILA,Ginni Filaments Limited,NSE
GIPCL,Gujarat Industries Power Company Limited,NSE
GITARENEW.BO,GITA RENEWABLE ENERGY LIMITED,BSE
GKB,GKB Ophthalmics Limited,NSE
GKCONS.BO,G.K.CONSULTANTS LTD.,BSE
GKENERGY,GK Energy Limited,NSE
GKL.BO,GURU KRUPA GEMS AND JEWELLERY,BSE
GKP.BO,G. K. P. Printing & Packaging,BSE
GKSL,Gujarat Kidney And Super Speciality Limited,NSE
GKWLIMITED,GKW Limited,NSE
GLANCE.BO,GLANCE FINANCE LTD.,BSE
GLAND,Gland Pharma Limited,NSE
GLASSWALL,Glass Wall Systems (India) Limited,NSE
GLAXO,GlaxoSmithKline Pharmaceuticals Limited,NSE
GLCL.BO,Globe Commercials Limited,BSE
GLENMARK,Glenmark Pharmaceuticals Limited,NSE
GLFL,Gujarat Lease Financing Limited,NSE
GLITTEKG.BO,GLITTEK GRANITES LTD.,BSE
GLOBAL,Global Education Limited,NSE
GLOBALCA.BO,GLOBAL CAPITAL MARKETS LTD.,BSE
GLOBALE,Globale Tessile Limited,NSE
GLOBALVECT,Global Vectra Helicorp Limited,NSE
GLOBE,GLOBE ENTERPRISES (INDIA) LIMITED,NSE
GLOBECIVIL,Globe Civil Projects Limited,NSE
GLOBUSCON.BO,GLOBUS CONSTRUCTORS & DEVELOPE,BSE
GLOBUSSPR,Globus Spirits Limited,NSE
GLOSTERLTD,Gloster Limited,NSE
GLOTTIS,Glottis Limited,NSE
GMBREW,GM Breweries Limited,NSE
GMDCLTD,Gujarat Mineral Development Corporation Limited,NSE
GMMPFAUDLR,GMM Pfaudler Limited,NSE
GMRAIRPORT,GMR AIRPORTS LIMITED,NSE
GMRP&UI,GMR Power and Urban Infra Limited,NSE
GNA,GNA Axles Limited,NSE
GNFC,Gujarat Narmada Valley Fertilizers and Chemicals Limited,NSE
GNRL,Gujarat Natural Resources Limited,NSE
GOACARBON,Goa Carbon Limited,NSE
GOCLCORP,GOCL Corporation Limited,NSE
GOCOLORS,Go Fashion (India) Limited,NSE
GODAVARI.BO,GODAVARI DRUGS LTD.,BSE
GODAVARIB,Godavari Biorefineries Limited,NSE
GODFRYPHLP,Godfrey Phillips India Limited,NSE
GODIGIT,Go Digit General Insurance Limited,NSE
GODREJAGRO,Godrej Agrovet Limited,NSE
GODREJCP,Godrej Consumer Products Limited,NSE
GODREJIND,Godrej Industries Limited,NSE
GODREJPROP,Godrej Properties Limited,NSE
GOKAKTEX.BO,GOKAK TEXTILES LTD.,BSE
GOKEX,Gokaldas Exports Limited,NSE
GOKUL,Gokul Refoils and Solvent Limited,NSE
GOKULAGRO,Gokul Agro Resources Limited,NSE
GOLD1,KOTAK MUTUAL FUND - GOLD EXCHANGE TRADED FUND,NSE
GOLD360,360 ONE MUTUAL FUND - 360 ONE GOLD ETF,NSE
GOLDADD,DSP MUTUAL FUND - DSP GOLD ETF,NSE
GOLDAXIS,AXIS MUTUAL FUND - AXIS GOLD ETF,NSE
GOLDBEES,NIPPON INDIA ETF GOLD BEES,NSE
GOLDBETA,UTI MUTUAL FUND - UTI GOLD EXCHANGE TRADED FUND,NSE
GOLDBND,BANDHAN MUTUAL FUND - BANDHAN GOLD ETF,NSE
GOLDCASE,ZERODHA FUND HOUSE - ZERODHA GOLD ETF,NSE
GOLDCOINHF.BO,GOLD COIN HEALTH FOODS LTD,BSE
GOLDENCREST.BO,Golden Crest Education & Servi,BSE
GOLDETF,MIRAE ASSET MUTUAL FUND - MIRAE ASSET GOLD ETF,NSE
GOLDIAM,Goldiam International Limited,NSE
GOLDIETF,ICICI PRUDENTIAL GOLD ETF,NSE
GOLDLEG.BO,GOLDEN LEGAND LEASING & FINANC,BSE
GOLDTECH,AION-TECH SOLUTIONS LIMITED,NSE
GOLECHA.BO,GOLECHHA GLOBAL FINANCE LTD.,BSE
GOLKUNDIA.BO,GOLKUNDA DIAMONDS & JEWELLERY,BSE
GOODLUCK,Goodluck India Limited,NSE
GOODRICKE.BO,GOODRICKE GROUP LTD.,BSE
GOODYEAR,Goodyear India Limited,NSE
GOPAL,Gopal Snacks Limited,NSE
GORANIN.BO,GORANI INDUSTRIES LTD.,BSE
GOURMET.BO,GOURMET GATEWAY INDIA LIMITED,BSE
GOWRALE.BO,GOWRA LEASING & FINANCE LTD.,BSE
GOYALALUM,Goyal Aluminiums Limited,NSE
GOYALASS.BO,GOYAL ASSOCIATES LTD.,BSE
GPIL,Godawari Power And Ispat limited,NSE
GPPL,Gujarat Pipavav Port Limited,NSE
GPTHEALTH,GPT Healthcare Limited,NSE
GPTINFRA,GPT Infraprojects Limited,NSE
GRADIENTE,Gradiente Infotainment Limited,NSE
GRAMEVA.BO,GRAMEVA LIMITED,BSE
GRANDMA.BO,GRANDMA TRADING & AGENCIES LTD,BSE
GRANDOAK,Grand Oak Canyons Distillery Limited,NSE
GRANULES,Granules India Limited,NSE
GRAPHITE,Graphite India Limited,NSE
GRASIM,Grasim Industries Limited,NSE
GRATEXI.BO,GRATEX INDUSTRIES LTD.,BSE
GRAUWEIL,Grauer & Weil India Limited,NSE
GRAVISSHO,Graviss Hospitality Limited,NSE
GRAVITA,Gravita India Limited,NSE
GRAVITY.BO,GRAVITY (INDIA) LTD.,BSE
GREAVESCOT,Greaves Cotton Limited,NSE
GREENCREST.BO,GREENCREST FINANCIAL SERVICES,BSE
GREENLAM,Greenlam Industries Limited,NSE
GREENPANEL,Greenpanel Industries Limited,NSE
GREENPLY,Greenply Industries Limited,NSE
GREENPOWER,Orient Green Power Company Limited,NSE
GRINDWELL,Grindwell Norton Limited,NSE
GRINFRA,G R Infraprojects Limited,NSE
GRMOVER,GRM Overseas Limited,NSE
GROARC.BO,GROARC INDUSTRIES INDIA LIMITE,BSE
GROBTEA,The Grob Tea Company Limited,NSE
GROVY.BO,Grovy India Limited,BSE
GROWINGTON.BO,GROWINGTON VENTURES INDIA LIMI,BSE
GROWW,Billionbrains Garage Ventures Limited,NSE
GROWWCAPM,GROWW MUTUAL FUND - GROWW NIFTY CAPITAL MARKETS ETF,NSE
GROWWCHEM,GROWW MUTUAL FUND - GROWW NIFTY CHEMICALS ETF,NSE
GROWWDEFNC,GROWW MUTUAL FUND - GROWW NIFTY INDIA DEFENCE ETF,NSE
GROWWEV,GROWW MUTUAL FUND - GROWW NIFTY EV & NEW AGE AUTOMOTIVE ETF,NSE
GROWWGOLD,GROWW MUTUAL FUND - GROWW GOLD ETF,NSE
GROWWHOSPI,GROWW MUTUAL FUND - GROWW BSE HOSPITALS ETF,NSE
GROWWLIQID,GROWW MUTUAL FUND - GROWW NIFTY 1D RATE LIQUID ETF,NSE
GROWWLOVOL,GROWW MUTUAL FUND - GROWW NIFTY 500 LOW VOLATILITY 50 ETF,NSE
GROWWMC150,GROWW MUTUAL FUND - GROWW NIFTY MIDCAP 150 ETF,NSE
GROWWMETAL,GROWW MUTUAL FUND - GROWW NIFTY METAL ETF,NSE
GROWWMOM50,GROWW MUTUAL FUND - GROWW NIFTY 500 MOMENTUM 50 ETF,NSE
GROWWN200,GROWW MUTUAL FUND - GROWW NIFTY 200 ETF,NSE
GROWWNET,GROWW MUTUAL FUND - GROWW NIFTY INDIA INTERNET ETF,NSE
GROWWNIFTY,GROWW MUTUAL FUND - GROWW NIFTY 50 ETF,NSE
GROWWNXT50,GROWW MUTUAL FUND - GROWW NIFTY NEXT 50 ETF,NSE
GROWWPOWER,GROWW MUTUAL FUND - GROWW BSE POWER ETF,NSE
GROWWPSE,GROWW MUTUAL FUND - GROWW NIFTY PSE ETF,NSE
GROWWPSUBK,GROWW MUTUAL FUND - GROWW NIFTY PSU BANK ETF,NSE
GROWWRAIL,GROWW MUTUAL FUND - GROWW NIFTY INDIA RAILWAYS PSU ETF,NSE
GROWWRLTY,GROWW MUTUAL FUND - GROWW NIFTY REALTY ETF,NSE
GROWWSC250,GROWW MUTUAL FUND - GROWW NIFTY SMALLCAP 250 ETF,NSE
GROWWSLVR,GROWW MUTUAL FUND - GROWW SILVER ETF,NSE
GRPLTD,GRP Limited,NSE
GRSE,Garden Reach Shipbuilders & Engineers Limited,NSE
GRWRHITECH,Garware Hi-Tech Films Limited,NSE
GSAUTO.BO,G.S.AUTO INTERNATIONAL LTD.,BSE
GSBFIN.BO,GSB FINANCE LTD.,BSE
GSEC10ABSL,ADITYABIRLASUNLIFEMF - ADITYA BIRLA SUN LIFE CRISIL 10 YEAR GILT ETF,NSE
GSEC10ADD,DSP MUTUAL FUND - DSP NIFTY 10 YR BENCHMARK G-SEC ETF,NSE
GSEC10IETF,ICICI PRU MUTUAL FUND-ICICI PRUDENTIAL NIFTY 10 YR BENCHMARK G-SEC ETF,NSE
GSEC10YEAR,MIRAE ASSET MUTUAL FUND - MIRAE ASSET NIFTY 8-13 YR G-SEC ETF,NSE
GSEC5IETF,ICICI PRUDENTIAL NIFTY 5 YR BENCHMARK G-SEC ETF,NSE
GSFC,Gujarat State Fertilizers & Chemicals Limited,NSE
GSLSEC.BO,GSL SECURITIES LTD.,BSE
GSLSU,Global Surfaces Limited,NSE
GSLTD.BO,GALAXY SUPERMARKET LIMITED,BSE
GSPCROP,GSP Crop Science Limited,NSE
GSPLTRANS,GSPL Transmission Limited,NSE
GSS,GSS Infotech Limited,NSE
GSTL.BO,GlobalSpace Technologies Limit,BSE
GTECJAINX,G-TEC JAINX EDUCATION LIMITED,NSE
GTEIT.BO,G-TECH INFO-TRAINING LTD.,BSE
GTL,GTL Limited,NSE
GTLINFRA,GTL Infrastructure Limited,NSE
GTNINDS.BO,GTN INDUSTRIES LTD.,BSE
GTNTEX.BO,GTN TEXTILES LTD.,BSE
GTPL,GTPL Hathway Limited,NSE
GTTDATA.BO,GTT DATA SOLUTIONS LIMITED,BSE
GTV.BO,GTV Engineering Limited,BSE
GUFICBIO,Gufic Biosciences Limited,NSE
GUJALKALI,Gujarat Alkalies and Chemicals Limited,NSE
GUJAPOLLO,Gujarat Apollo Industries Limited,NSE
GUJARATPOLY.BO,Gujarat Poly Electronics Limit,BSE
GUJCOTEX.BO,GUJARAT COTEX LTD.,BSE
GUJCRAFT.BO,GUJARAT CRAFT INDUSTRIES LTD.,BSE
GUJENERGY,GUJARAT ENERGY LIMITED,NSE
GUJHOTE.BO,GUJARAT HOTELS LTD.,BSE
GUJINJEC.BO,GUJARAT INJECT (KERALA) LTD.,BSE
GUJINTRX.BO,GUJARAT INTRUX LTD.,BSE
GUJINV.BO,GUJARAT INVESTA LTD.,BSE
GUJJUBHAI.BO,GUJJUBHAI INDUSTRIES LIMITED,BSE
GUJPETR.BO,GUJARAT PETROSYNTHESE LTD.,BSE
GUJRAFFIA,Gujarat Raffia Industries Limited,NSE
GUJSTATFIN.BO,GUJARAT STATE FINANCIAL CORPOR,BSE
GUJTERC.BO,GUJARAT TERCE LABORATORIES LTD,BSE
GUJTHEM,Gujarat Themis Biosyn Limited,NSE
GUJTLRM.BO,GUJARAT TOOLROOM LTD.,BSE
GUJWIND.BO,Gujarat Winding Systems Limite,BSE
GULFOILLUB,Gulf Oil Lubricants India Limited,NSE
GULFPETRO,GP Petroleums Limited,NSE
GULPOLY,Gulshan Polyols Limited,NSE
GVBL.BO,GENOMIC VALLEY BIOTECH LIMITED,BSE
GVFILM.BO,GV FILMS LTD.,BSE
GVKPIL,GVK Power & Infrastructure Limited,NSE
GVPIL,GE Power India Limited,NSE
GVPTECH,GVP Infotech Limited,NSE
GVT&D,GE Vernova T&D India Limited,NSE
GYANDEV.BO,GYAN DEVELOPERS & BUILDERS LTD,BSE
GYFTR,Gyftr Limited,NSE
HAL,Hindustan Aeronautics Limited,NSE
HALDER,Halder Venture Limited,NSE
HALDYNGL,Haldyn Glass Limited,NSE
HALEOSLABS,HALEOS LABS LIMITED,NSE
HAMPTON,Hampton Sky Realty Limited,NSE
HANSUGAR.BO,SHREE HANUMAN SUGAR & INDUSTRI,BSE
HAPPSTMNDS,Happiest Minds Technologies Limited,NSE
HAPPYFORGE,Happy Forgings Limited,NSE
HARCR.BO,HARIG CRANKSHAFTS LTD.,BSE
HARDCAS.BO,HARDCASTLE & WAUD MFG.CO.LTD.,BSE
HARDWYN,Hardwyn India Limited,NSE
HARIAAPL.BO,HARIA APPARELS LTD,BSE
HARIAEXPO.BO,HARIA EXPORTS LTD.,BSE
HARIOMPIPE,Hariom Pipe Industries Limited,NSE
HARISH.BO,Harish Textile Engineers Limit,BSE
HARLETH.BO,HARYANA LEATHER CHEMICALS LTD.,BSE
HARRMALAYA,Harrisons  Malayalam Limited,NSE
HARSHA,Harsha Engineers International Limited,NSE
HARSHILAGR.BO,HARSHIL AGROTECH LIMITED,BSE
HARYNACAP.BO,HARYANA CAPFIN LTD.,BSE
HASTIFIN.BO,HASTI FINANCE LTD.,BSE
HATHWAY,Hathway Cable & Datacom Limited,NSE
HATHWAYB.BO,HATHWAY BHAWANI CABLETEL & DAT,BSE
HATSUN,Hatsun Agro Product Limited,NSE
HAVELLS,Havells India Limited,NSE
HAVISHA,Sri Havisha Hospitality and Infrastructure Limited,NSE
HAWAENG.BO,Hawa Engineers ltd.,BSE
HAWKINCOOK,Hawkins Cookers Limited,NSE
HAZOOR,Hazoor Multi Projects Limited,NSE
HBESD,HB Estate Developers Limited,NSE
HBGHOTELS.BO,HBG HOTELS LIMITED,BSE
HBLEAS.BO,HB LEASING & FINANCE CO.LTD.,BSE
HBLENGINE,HBL Engineering Limited,NSE
HBPOR,HB Portfolio Limited,NSE
HBSL,HB Stockholdings Limited,NSE
HCC,Hindustan Construction Company Limited,NSE
HCG,Healthcare Global Enterprises Limited,NSE
HCKKVENTURE.BO,HCKK Ventures Limited,BSE
HCL-INSYS,HCL Infosystems Limited,NSE
HCLTECH,HCL Technologies Limited,NSE
HDBFS,HDB Financial Services Limited,NSE
HDFCAMC,HDFC Asset Management Company Limited,NSE
HDFCBANK,HDFC Bank Limited,NSE
HDFCBSE500,HDFC BSE 500 ETF,NSE
HDFCGOLD,HDFC GOLD ETF,NSE
HDFCGROWTH,HDFC MUTUAL FUND - HDFC NIFTY GROWTH SECTORS 15 ETF,NSE
HDFCLIFE,HDFC Life Insurance Company Limited,NSE
HDFCLIQUID,HDFC NIFTY 1D RATE LIQUID ETF - GROWTH,NSE
HDFCLOWVOL,HDFC MUTUAL FUND - HDFC NIFTY100 LOW VOLATILITY 30 ETF,NSE
HDFCMID150,HDFC MUTUAL FUND - HDFC NIFTY MIDCAP 150 ETF,NSE
HDFCMOMENT,HDFC MUTUAL FUND - HDFC NIFTY200 MOMENTUM 30 ETF,NSE
HDFCNEXT50,HDFC MUTUAL FUND - HDFC NIFTY NEXT 50 ETF,NSE
HDFCNIF100,HDFC MUTUAL FUND - HDFC NIFTY 100 ETF,NSE
HDFCNIFBAN,HDFC NIFTY BANK ETF,NSE
HDFCNIFIT,HDFC MUTUAL FUND - HDFC NIFTY IT ETF,NSE
HDFCNIFTY,HDFC NIFTY 50 ETF,NSE
HDFCNIMEG,HDFC MUTUAL FUND - HDFC NIFTY METAL ETF,NSE
HDFCPSUBK,HDFC MUTUAL FUND -HDFC NIFTY PSU BANK ETF,NSE
HDFCPVTBAN,HDFC MUTUAL FUND - HDFC NIFTY PRIVATE BANK ETF,NSE
HDFCQUAL,HDFC MUTUAL FUND - HDFC NIFTY100 QUALITY 30 ETF,NSE
HDFCSENSEX,HDFC BSE SENSEX ETF,NSE
HDFCSILVER,HDFC MUTUAL FUND - HDFC SILVER ETF,NSE
HDFCSML250,HDFC MUTUAL FUND - HDFC NIFTY SMALLCAP 250 ETF,NSE
HDFCVALUE,HDFC MUTUAL FUND - HDFC NIFTY50 VALUE 20 ETF,NSE
HEADSUP,Heads UP Ventures Limited,NSE
HEALTHADD,DSP MUTUAL FUND - DSP NIFTY HEALTHCARE ETF,NSE
HEALTHAXIS,AXIS MUTUAL FUND - AXIS NIFTY HEALTHCARE ETF,NSE
HEALTHCARE,MIRAE ASSET MUTUAL FUND - MIRAE ASSET NIFTY 500 HEALTHCARE ETF,NSE
HEALTHIETF,ICICI PRUDENTIAL MUTUAL FUND - ICICI PRUDENTIAL NIFTY HEALTHCARE ETF,NSE
HEALTHX,Health X Platform Limited,NSE
HEALTHY,ADITYA BIRLA SUN LIFE MF-ADITYA BIRLA SUN LIFE NIFTY HEALTHCARE ETF,NSE
HECPROJECT,HEC Infra Projects Limited,NSE
HEERAISP.BO,HEERA ISPAT LTD.,BSE
HEGAM,HEG Advanced Materials Limited,NSE
HEIDELBERG,HeidelbergCement India Limited,NSE
HELPAGE.BO,Helpage Finlease Ltd.,BSE
HEMANG.BO,HEMANG RESOURCES LIMITED,BSE
HEMIPROP,Hemisphere Properties India Limited,NSE
HEMORGANIC.BO,HEMO ORGANIC LIMITED,BSE
HERANBA,Heranba Industries Limited,NSE
HERCULES.BO,Hercules Investments Limited,BSE
HERITGFOOD,Heritage Foods Limited,NSE
HEROMOTOCO,Hero MotoCorp Limited,NSE
HEROMOTORS,Hero Motors Limited,NSE
HESTERBIO,Hester Biosciences Limited,NSE
HEXAGON,Hexagon Nutrition Limited,NSE
HEXATRADEX,Hexa Tradex Limited,NSE
HEXT,Hexaware Technologies Limited,NSE
HFCL,HFCL Limited,NSE
HFIL.BO,HIMALAYA FOOD INTERNATIONAL LI,BSE
HGINFRA,H.G. Infra Engineering Limited,NSE
HGM,HandsOn Global Management (HGM) Limited,NSE
HGS,Hinduja Global Solutions Limited,NSE
HIGHENE.BO,HIGH ENERGY BATTERIES (INDIA),BSE
HIIL.BO,HINDUSTHAN INSULATORS and INDU,BSE
HIKAL,Hikal Limited,NSE
HIKLASS.BO,Hi-Klass Trading and Investmen,BSE
HILIKS.BO,HILIKS TECHNOLOGIES LIMITED,BSE
HILINFRA,Highway Infrastructure Limited,NSE
HILLTONE.BO,Hilltone Software and Gases Lt,BSE
HILTON,Hilton Metal Forging Limited,NSE
HIMATSEIDE,Himatsingka Seide Limited,NSE
HIMTEK.BO,HIM TEKNOFORGE LIMITED,BSE
HINDADH,Hindustan Adhesives Limited,NSE
HINDALCO,Hindalco Industries Limited,NSE
HINDALUMI,Hind Aluminium Industries Limited,NSE
HINDAPL.BO,HINDUSTAN APPLIANCES LTD.,BSE
HINDBIO.BO,HINDUSTAN BIO SCIENCES LTD.,BSE
HINDCOMPOS,Hindustan Composites Limited,NSE
HINDCON,Hindcon Chemicals Limited,NSE
HINDCOPPER,Hindustan Copper Limited,NSE
HINDHARD.BO,HINDUSTAN HARDY LIMITED,BSE
HINDMILL.BO,HINDOOSTAN MILLS LTD.,BSE
HINDMOTORS.BO,HINDUSTAN MOTORS LTD.,BSE
HINDOILEXP,Hindustan Oil Exploration Company Limited,NSE
HINDPETRO,Hindustan Petroleum Corporation Limited,NSE
HINDTIN.BO,HINDUSTAN TIN WORKS LTD.,BSE
HINDUNILVR,Hindustan Unilever Limited,NSE
HINDUST.BO,HINDUSTAN AGRIGENETICS LTD.,BSE
HINDWAREAP,Hindware Home Innovation Limited,NSE
HINDZINC,Hindustan Zinc Limited,NSE
HIPOLIN.BO,HIPOLIN LTD.,BSE
HIRECT,Hirect Limited,NSE
HISARMETAL,Hisar Metal Industries Limited,NSE
HITECH,Hi-Tech Pipes Limited,NSE
HITECHCORP,Hitech Corporation Limited,NSE
HITECHGEAR,The Hi-Tech Gears Limited,NSE
HITKITGLO.BO,HIT KIT GLOBAL SOLUTIONS LTD.,BSE
HITTCO.BO,HITTCO TOOLS LTD.,BSE
HLEGLAS,HLE Glascoat Limited,NSE
HLVLTD,HLV LIMITED,NSE
HMAAGRO,HMA Agro Industries Limited,NSE
HMVL,Hindustan Media Ventures Limited,NSE
HNDFDS,Hindustan Foods Limited,NSE
HNGSNGBEES,NIPPON INDIA ETF HANG SENG BEES,NSE
HOCL.BO,HINDUSTAN ORGANIC CHEMICALS LT,BSE
HOM.BO,HOMRE LIMITED,BSE
HOMEFIRST,Home First Finance Company India Limited,NSE
HONASA,Honasa Consumer Limited,NSE
HONAUT,Honeywell Automation India Limited,NSE
HONDAPOWER,Honda India Power Products Limited,NSE
HORIZONIND,Horizon Industrial Parks Limited,NSE
HOTLSILV.BO,H.S.INDIA LTD.,BSE
HOWARHO.BO,HOWARD HOTELS LTD.,BSE
HPAL,HP Adhesives Limited,NSE
HPBL.BO,HCP PLASTENE BULKPACK LIMITED,BSE
HPCOTTON.BO,H.P.COTTON TEXTILE MILLS LTD.,BSE
HPIL,Hindprakash Industries Limited,NSE
HPL,HPL Electric & Power Limited,NSE
HRMNYCP.BO,HARMONY CAPITAL SERVICES LTD.,BSE
HRYNSHP,Hariyana Ship Breakers Limited,NSE
HSBCGOLD,HSBC MUTUAL FUND - HSBC GOLD ETF,NSE
HSCL,Himadri Speciality Chemical Limited,NSE
HTEL,Hy-Tech Engineers Limited,NSE
HTMEDIA,HT Media Limited,NSE
HUBTOWN,Hubtown Limited,NSE
HUDCO,Housing & Urban Development Corporation Limited,NSE
HUHTAMAKI,Huhtamaki India Limited,NSE
HYBRIDETF,MIRAE MF-MIRAE ASSET NIFTY200 MOMENTUM 30PLUS 8-13 YR G-SEC 50:50 ETF,NSE
HYBRIDFIN,Hybrid Financial Services Limited,NSE
HYPERSOFT.BO,HYPERSOFT TECHNOLOGIES LIMITED,BSE
HYUNDAI,Hyundai Motor India Limited,NSE
IBINFO.BO,IB INFOTECH ENTERPRISES LTD.,BSE
IBULLSLTD,Indiabulls Limited,NSE
ICDSLTD,ICDS Limited,NSE
ICEMAKE,Ice Make Refrigeration Limited,NSE
ICICIAMC,ICICI Prudential Asset Management Company Limited,NSE
ICICIB22,ICICI PRUDENTIAL MUTUAL FUND - BHARAT 22 ETF,NSE
ICICIBANK,ICICI Bank Limited,NSE
ICICIGI,ICICI Lombard General Insurance Company Limited,NSE
ICICIPRULI,ICICI Prudential Life Insurance Company Limited,NSE
ICIL,Indo Count Industries Limited,NSE
ICL.BO,Indo Cotspin Limited,BSE
ICONIKSPEV.BO,ICONIK SPORTS AND EVENTS LIMIT,BSE
ICRA,ICRA Limited,NSE
ICSL.BO,Integrated Capital Services Lt,BSE
IDBI,IDBI Bank Limited,NSE
IDEA,Vodafone Idea Limited,NSE
IDEAFORGE,Ideaforge Technology Limited,NSE
IDFCFIRSTB,IDFC First Bank Limited,NSE
IDFNIFTYET,BANDHAN NIFTY 50 ETF,NSE
IDM.BO,INTERNATIONAL DATA MANAGEMENT,BSE
IECEDU.BO,IEC EDUCATION LTD.,BSE
IEX,Indian Energy Exchange Limited,NSE
IFBAGRO,IFB Agro Industries Limited,NSE
IFBIND,IFB Industries Limited,NSE
IFCI,IFCI Limited,NSE
IFGLEXPOR,IFGL Refractories Limited,NSE
IFINSEC.BO,INDIA FINSEC LTD.,BSE
IFINSER.BO,INTERACTIVE FINANCIAL SERVICES,BSE
IFL.BO,IFL ENTERPRISES LIMITED,BSE
IGARASHI,Igarashi Motors India Limited,NSE
IGCIL.BO,IGC Industries Limited,BSE
IGCL,Indogulf Cropsciences Limited,NSE
IGIL,International Gemological Institute Limited,NSE
IGL,Indraprastha Gas Limited,NSE
IGPL,IG Petrochemicals Limited,NSE
IIFL,IIFL Finance Limited,NSE
IIFLCAPS,IIFL Capital Services Limited,NSE
IIRM.BO,IIRM HOLDINGS INDIA LIMITED,BSE
IISL.BO,ISHAAN INFRASTRUCTURE AND SHEL,BSE
IITL,Industrial Investment Trust Limited,NSE
IITLPROJ.BO,IITL PROJECTS LIMITED,BSE
IKIO,IKIO Technologies Limited,NSE
IKOMA.BO,IKOMA TECHNOLOGIES LIMITED,BSE
IKS,Inventurus Knowledge Solutions Limited,NSE
IMAGICAA,Imagicaaworld Entertainment Limited,NSE
IMEC.BO,IMEC SERVICES LIMITED,BSE
IMFA,Indian Metals & Ferro Alloys Limited,NSE
IMPAL,India Motor Parts and Accessories Limited,NSE
INA,Insolation Energy Limited,NSE
INANI.BO,INANI MARBLES & INDUSTRIES LTD,BSE
INANISEC.BO,INANI SECURITIES LTD.,BSE
INCAP.BO,INCAP LTD.,BSE
INCON.BO,INCON ENGINEERS LTD.,BSE
INCREDIBLE,INCREDIBLE INDUSTRIES LIMITED,NSE
INDAG.BO,INDAG RUBBER LTD.,BSE
INDAGIV.BO,IND-AGIV COMMERCE LTD.,BSE
INDBANK,Indbank Merchant Banking Services Limited,NSE
INDBNK.BO,IND BANK HOUSING LTD.,BSE
INDCEMCAP.BO,INDIA CEMENTS CAPITAL LTD.,BSE
INDCTST.BO,INDUCTO STEEL LTD.,BSE
INDERGR.BO,INDERGIRI FINANCE LTD.,BSE
INDGELA.BO,INDIA GELATINE & CHEMICALS LTD,BSE
INDGN,Indegene Limited,NSE
INDHOTEL,The Indian Hotels Company Limited,NSE
INDIACEM,The India Cements Limited,NSE
INDIAGLYCO,India Glycols Limited,NSE
INDIAHOME.BO,INDIA HOME LOAN LTD.,BSE
INDIAHOMES.BO,India Homes Limited,BSE
INDIAMART,Indiamart Intermesh Limited,NSE
INDIANACRY.BO,INDIAN ACRYLICS LTD.,BSE
INDIANB,Indian Bank,NSE
INDIANCARD,Indian Card Clothing Company Limited,NSE
INDIANHUME,Indian Hume Pipe Company Limited,NSE
INDIANVSH.BO,INDIANIVESH LTD.,BSE
INDIASHLTR,India Shelter Finance Corporation Limited,NSE
INDIGO,InterGlobe Aviation Limited,NSE
INDIGOPNTS,Indigo Paints Limited,NSE
INDINFO.BO,INDIAN INFOTECH & SOFTWARE LTD,BSE
INDIQUBE,Indiqube Spaces Limited,NSE
INDLEASE.BO,INDIA LEASE DEVELOPMENT LTD.,BSE
INDNIPPON,India Nippon Electricals Limited,NSE
INDOAMIN,Indo Amines Limited,NSE
INDOBORAX,Indo Borax & Chemicals Limited,NSE
INDOCITY.BO,INDO-CITY INFOTECH LTD.,BSE
INDOCO,Indoco Remedies Limited,NSE
INDOEURO.BO,INDO EURO INDCHEM LTD.,BSE
INDOFARM,Indo Farm Equipment Limited,NSE
INDOKEM,Indokem Limited,NSE
INDOMIM,INDO-MIM Limited,NSE
INDORAMA,Indo Rama Synthetics (India) Limited,NSE
INDOSTAR,IndoStar Capital Finance Limited,NSE
INDOTECH,Indo Tech Transformers Limited,NSE
INDOTHAI,Indo Thai Securities Limited,NSE
INDOUS,Indo Us Biotech Limited,NSE
INDOWIND,Indowind Energy Limited,NSE
INDPRUD,Industrial & Prudential Investment Company Limited,NSE
INDRAMEDCO,Indraprastha Medical Corporation Limited,NSE
INDRANIB.BO,INDRAYANI BIOTECH LTD.,BSE
INDRENEW.BO,IND Renewable Energy Ltd,BSE
INDSILHYD.BO,INDSIL HYDRO POWER AND MANGANE,BSE
INDSUCR.BO,INDIAN SUCROSE LTD.,BSE
INDSWFTLAB,Ind-Swift Laboratories Limited,NSE
INDTERRAIN,Indian Terrain Fashions Limited,NSE
INDTONER.BO,INDIAN TONERS & DEVELOPERS LTD,BSE
INDUSFINL.BO,Indus Finance Limited,BSE
INDUSINDBK,IndusInd Bank Limited,NSE
INDUSTOWER,Indus Towers Limited,NSE
INDXTRA.BO,IEL LIMITED,BSE
INFOBEAN,InfoBeans Technologies Limited,NSE
INFOMEDIA,Infomedia Press Limited,NSE
INFORTEC.BO,INFORMED TECHNOLOGIES INDIA LT,BSE
INFRA,MIRAE ASSET MF-MIRAE ASSET NIFTY INDIA INFRASTRUCTURE & LOGISTICS ETF,NSE
INFRABEES,NIPPON INDIA ETF NIFTY INFRASTRUCTURE BEES,NSE
INFRAIETF,ICICI PRUDENTIAL MUTUAL FUND-ICICI PRUDENTIAL NIFTY INFRASTRUCTURE ETF,NSE
INFRONICS.BO,INFRONICS SYSTEMS LTD,BSE
INFY,Infosys Limited,NSE
INGERRAND,Ingersoll Rand (India) Limited,NSE
INLANPR.BO,INLAND PRINTERS LTD.,BSE
INLCM.BO,INDIAN LINK CHAIN MANUFACTURES,BSE
INNOCORP.BO,INNOCORP LTD.,BSE
INNOVACAP,Innova Captab Limited,NSE
INNOVANA,Innovana Thinklabs Limited,NSE
INNOVISION,Innovision Limited,NSE
INNOVTEC.BO,INNOVATIVE TECH PACK LTD.,BSE
INOVSYNTH.BO,INNOVASSYNTH TECHNOLOGIES (IND,BSE
INOXGREEN,Inox Green Energy Services Limited,NSE
INOXINDIA,INOX India Limited,NSE
INOXWIND,Inox Wind Limited,NSE
INSECTICID,Insecticides (India) Limited,NSE
INSPIRISYS,Inspirisys Solutions Limited,NSE
INSUREIETF,ICICI PRUDENTIAL MUTUAL FUND - ICICI PRUDENTIAL BSE INSURANCE ETF,NSE
INTECCAP.BO,INTEC CAPITAL LTD.,BSE
INTEGFD.BO,INTEGRATED PROTEINS LTD.,BSE
INTEGHIT.BO,INTEGRATED HITECH LTD.,BSE
INTEGRAEN.BO,INTEGRA ENGINEERING INDIA LTD.,BSE
INTEGSW.BO,INTEGRA SWITCHGEAR LTD.,BSE
INTELLECT,Intellect Design Arena Limited,NSE
INTENTECH,Intense Technologies Limited,NSE
INTERARCH,Interarch Building Solutions Limited,NSE
INTERDIGI.BO,INTERWORLD DIGITAL LTD.,BSE
INTERNET,MIRAE ASSET MUTUAL FUND - MIRAE ASSET NIFTY INDIA INTERNET ETF,NSE
INTLCOMBQ.BO,INTERNATIONAL COMBUSTION (INDI,BSE
INTLCONV,International Conveyors Limited,NSE
INTRGLB.BO,INTER GLOBE FINANCE LTD.,BSE
INTSTOIL.BO,INTER STATE OIL CARRIER LTD.,BSE
INVENTURE,Inventure Growth & Securities Limited,NSE
INVIGO.BO,Invigorated Business Consultin,BSE
INVPRECQ,Investment & Precision Castings Limited,NSE
IOB,Indian Overseas Bank,NSE
IOC,Indian Oil Corporation Limited,NSE
IOLCP,IOL Chemicals and Pharmaceuticals Limited,NSE
IONEXCHANG,ION Exchange (India) Limited,NSE
IPCALAB,IPCA Laboratories Limited,NSE
IPL,India Pesticides Limited,NSE
IPOWER.BO,I-POWER SOLUTIONS INDIA LTD.,BSE
IPRINGLTD,IP Rings Limited,NSE
IRB,IRB Infrastructure Developers Limited,NSE
IRCON,Ircon International Limited,NSE
IRCTC,Indian Railway Catering And Tourism Corporation Limited,NSE
IREDA,Indian Renewable Energy Development Agency Limited,NSE
IRFC,Indian Railway Finance Corporation Limited,NSE
IRIS,IRIS RegTech Solutions Limited,NSE
IRISDOREME,Iris Clothings Limited,NSE
IRMENERGY,IRM Energy Limited,NSE
IRONWOOD.BO,IRONWOOD EDUCATION LIMITED,BSE
ISERA.BO,iSERA LIFESCIENCES LIMITED,BSE
ISFL.BO,ISF LIMITED,BSE
ISFT,Intrasoft Technologies Limited,NSE
ISGEC,Isgec Heavy Engineering Limited,NSE
ISHANCH,Ishan Dyes and Chemicals Limited,NSE
ISHITADR.BO,ISHITA DRUGS & INDUSTRIES LTD.,BSE
ISLCONSUL.BO,ISL CONSULTING LTD.,BSE
ISTLTD,I S T Limited,NSE
ISTRNETWK.BO,ISTREET NETWORK LIMITED,BSE
IT,KOTAK NIFTY IT ETF,NSE
ITADD,DSP MUTUAL FUND - DSP NIFTY IT ETF,NSE
ITAXIS,AXIS MUTUAL FUND - AXIS NIFTY IT ETF,NSE
ITBEES,NIPPON LIFE INDIA ASSET MANAGEMENT LIMITED,NSE
ITBETA,UTI MUTUAL FUND - UTI NIFTY IT ETF,NSE
ITC,ITC Limited,NSE
ITCHOTELS,ITC Hotels Limited,NSE
ITDC,India Tourism Development Corporation Limited,NSE
ITETF,MIRAE ASSET MUTUAL FUND - MIRAE ASSET NIFTY IT ETF,NSE
ITHL.BO,INTERNATIONAL TRAVEL HOUSE LTD,BSE
ITI,ITI Limited,NSE
ITIETF,ICICI PRUDENTIAL MUTUAL FUND - ICICI PRUDENTIAL NIFTY IT ETF,NSE
ITL,ITL Industries Limited,NSE
IVALUE,Ivalue Infosolutions Limited,NSE
IVC,IL&FS Investment Managers Limited,NSE
IVP,IVP Limited,NSE
IVZBANKNF,INVESCO MUTUAL FUND - INVESCO INDIA NIFTY BANK ETF,NSE
IVZINGOLD,INVESCO INDIA GOLD EXCHANGE TRADED FUND,NSE
IVZINNIFTY,INVESCO INDIA NIFTY 50 EXCHANGE TRADED FUND,NSE
IVZSENSEX,INVESCO MUTUAL FUND - INVESCO INDIA BSE SENSEX ETF,NSE
IWP,The Indian Wood Products Company Limited,NSE
IXIGO,Le Travenues Technology Limited,NSE
IYKOTHITE.BO,IYKOT HITECH TOOLROOM LTD.,BSE
IZMO,IZMO Limited,NSE
J&KBANK,The Jammu & Kashmir Bank Limited,NSE
JACKSON.BO,JACKSON INVESTMENTS LTD,BSE
JAFINANCE.BO,J.A. Finance Limited,BSE
JAGAJITIND.BO,JAGATJIT INDUSTRIES LTD.,BSE
JAGANLAM.BO,JAGAN LAMPS LTD.,BSE
JAGJANANI.BO,JAGJANANI TEXTILES LTD.,BSE
JAGRAN,Jagran Prakashan Limited,NSE
JAGSNPHARM,Jagsonpal Pharmaceuticals Limited,NSE
JAIBALAJI,Jai Balaji Industries Limited,NSE
JAICORPLTD,Jai Corp Limited,NSE
JAIHIND.BO,JAIHIND INDUSTRIES LIMITED,BSE
JAIMATAG.BO,JAI MATA GLASS LTD.,BSE
JAINCO.BO,JAINCO PROJECTS (INDIA) LTD.,BSE
JAINEX.BO,JAINEX AAMCOL LTD.,BSE
JAINREC,Jain Resource Recycling Limited,NSE
JAIPAN.BO,JAIPAN INDUSTRIES LTD.,BSE
JAIPURKURT,Nandani Creation Limited,NSE
JAMESWARREN.BO,JAMES WARREN TEA LTD,BSE
JAMNAAUTO,Jamna Auto Industries Limited,NSE
JAMSHRI.BO,JAMSHRI REALTY LIMITED,BSE
JARO,Jaro Institute of Technology Management and Research Limited,NSE
JASCH.BO,JASCH INDUSTRIES LTD.,BSE
JASH,Jash Engineering Limited,NSE
JATTAINDUS.BO,JATTASHANKAR INDUSTIES LTD.,BSE
JAUSPOL.BO,JAUSS POLYMERS LTD.,BSE
JAYAGROGN,Jayant Agro Organics Limited,NSE
JAYATMA.BO,JAYATMA ENTERPRISES LIMITED,BSE
JAYBARMARU,Jay Bharat Maruti Limited,NSE
JAYBHCR.BO,JAYABHARAT CREDIT LTD.,BSE
JAYCH.BO,JAYSHREE CHEMICALS LTD.,BSE
JAYIND.BO,JAYATMA INDUSTRIES LIMITED,BSE
JAYKAY,Jaykay Enterprises Limited,NSE
JAYNECOIND,Jayaswal Neco Industries Limited,NSE
JAYSREETEA,Jayshree Tea & Industries Limited,NSE
JAYSYNTH.BO,JAYSYNTH ORGOCHEM LIMITED,BSE
JAYTEX.BO,JAYBHARAT TEXTILES & REAL ESTA,BSE
JAYUSH.BO,JAY USHIN LTD.,BSE
JBMA,JBM Auto Limited,NSE
JENBURPH,Jenburkt Pharmaceuticals Limited,NSE
JETFREIGHT,Jet Freight Logistics Limited,NSE
JETKINGQ.BO,JETKING INFOTRAIN LTD.,BSE
JGCHEM,J.G.Chemicals Limited,NSE
JGTL.BO,JASCH GAUGING TECHNOLOGIES LIM,BSE
JHACC.BO,JHAVERI CREDITS & CAPITAL LTD.,BSE
JHS,JHS Svendgaard Laboratories Limited,NSE
JINDALPHOT,Jindal Photo Limited,NSE
JINDALPOLY,Jindal Poly Films Limited,NSE
JINDALSAW,Jindal Saw Limited,NSE
JINDALSTEL,JINDAL STEEL LIMITED,NSE
JINDCAP.BO,JINDAL CAPITAL LTD.,BSE
JINDHOT.BO,JINDAL HOTELS LTD.,BSE
JINDRILL,Jindal Drilling And Industries Limited,NSE
JINDWORLD,Jindal Worldwide Limited,NSE
JIOFIN,Jio Financial Services Limited,NSE
JISLDVREQS,Jain Irrigation Systems Limited,NSE
JISLJALEQS,Jain Irrigation Systems Limited,NSE
JITFINFRA,JITF Infralogistics Limited,NSE
JJFINCOR.BO,J.J.FINANCE CORPORATION LTD.,BSE
JKAGRI.BO,JK AGRI GENETICS LTD,BSE
JKCEMENT,JK Cement Limited,NSE
JKIL,J.Kumar Infraprojects Limited,NSE
JKIPL,Jinkushal Industries Limited,NSE
JKLAKSHMI,JK Lakshmi Cement Limited,NSE
JKPAPER,JK Paper Limited,NSE
JKTYRE,JK Tyre & Industries Limited,NSE
JLHL,Jupiter Life Line Hospitals Limited,NSE
JLL.BO,JINDAL LEASEFIN LIMITED,BSE
JMA,Jullundur Motor Agency (Delhi) Limited,NSE
JMDVL.BO,JMD Ventures Limited,BSE
JMFINANCIL,JM Financial Limited,NSE
JMGCORP.BO,JMG CORPORATION LTD.,BSE
JMJFIN.BO,JMJ Fintech Limited,BSE
JNKINDIA,JNK India Limited,NSE
JNPR,Juniper Green Energy Limited,NSE
JOCIL,Jocil Limited,NSE
JOHNPHARMA.BO,JOHNSON PHARMACARE LIMITED,BSE
JOINDRE.BO,JOINDRE CAPITAL SERVICES LTD.,BSE
JOJO.BO,JOJO LIMITED,BSE
JOLYPLS.BO,JOLLY PLASTIC INDUSTRIES LTD.,BSE
JOSTS.BO,JOSTS ENGINEERING CO.LTD.,BSE
JPOLYINVST,Jindal Poly Investment and Finance Company Limited,NSE
JPPOWER,Jaiprakash Power Ventures Limited,NSE
JPTSEC.BO,JPT SECURITIES LTD.,BSE
JSFB,Jana Small Finance Bank Limited,NSE
JSIPL,Jindal Supreme (India) Limited,NSE
JSL,Jindal Stainless Limited,NSE
JSLINDL.BO,JSL INDUSTRIES LTD.,BSE
JSLL,Jeena Sikho Lifecare Limited,NSE
JSTL.BO,Jeevan Scientific Technology L,BSE
JSWCEMENT,JSW Cement Limited,NSE
JSWDULUX,JSW Dulux Limited,NSE
JSWENERGY,JSW Energy Limited,NSE
JSWHL,JSW Holdings Limited,NSE
JSWINFRA,JSW Infrastructure Limited,NSE
JSWSTEEL,JSW Steel Limited,NSE
JTEKTINDIA,Jtekt India Limited,NSE
JTLDEFENCE.BO,JTL DEFENCE LIMITED,BSE
JTLIND,JTL INDUSTRIES LIMITED,NSE
JUBLCPL,Jubilant Agri and Consumer Products Limited,NSE
JUBLFOOD,Jubilant Foodworks Limited,NSE
JUBLINGREA,Jubilant Ingrevia Limited,NSE
JUBLPHARMA,Jubilant Pharmova Limited,NSE
JUJHARLOGI.BO,JUJHAR LOGISTICS  LIMITED,BSE
JULIEN.BO,JULIEN AGRO INFRATECH LIMITED,BSE
JUMBO.BO,JUMBO BAG LTD.,BSE
JUNE.BO,JUNE INDUSTRIES LIMITED,BSE
JUNIORBEES,NIPPON INDIA ETF NIFTY NEXT 50 JUNIOR BEES,NSE
JUNIPER,Juniper Hotels Limited,NSE
JUPITERIN.BO,JUPITER INFOMEDIA LTD.,BSE
JUSTDIAL,Just Dial Limited,NSE
JWL,Jupiter Wagons Limited,NSE
JYOTHYLAB,Jyothy Labs Limited,NSE
JYOTI.BO,JYOTI LTD.,BSE
JYOTICNC,Jyoti CNC Automation Limited,NSE
JYOTIRES,Jyoti Resins & Adhesives Limited,NSE
JYOTISTRUC,Jyoti Structures Limited,NSE
KABRADG.BO,KABRA DRUGS LTD.,BSE
KABRAEXTRU,Kabra Extrusion Technik Limited,NSE
KABSON.BO,KABSONS INDUSTRIES LTD.,BSE
KACHCHH.BO,KACHCHH MINERALS LTD.,BSE
KACL.BO,KAISER CORPORATION LIMITED,BSE
KAIRA.BO,KAIRA CAN CO.LTD.,BSE
KAIZENAGRO.BO,KAIZEN AGRO INFRABUILD LIMITED,BSE
KAJARIACER,Kajaria Ceramics Limited,NSE
KAJARIR.BO,KIC METALIKS LTD.,BSE
KAKATCEM,Kakatiya Cement Sugar & Industries Limited,NSE
KALAMANDIR,Sai Silks (Kalamandir) Limited,NSE
KALIND.BO,Kalind Limited,BSE
KALLAM.BO,KALLAM TEXTILES LTD,BSE
KALPACOMME.BO,Kalpa Commercial Limited,BSE
KALPATARU,Kalpataru Limited,NSE
KALYANCAP.BO,Kalyan Capitals Limited,BSE
KALYANI,Kalyani Commercials Limited,NSE
KALYANIFRG,Kalyani Forge Limited,NSE
KALYANKJIL,Kalyan Jewellers India Limited,NSE
KAMADGIRI.BO,KAMADGIRI FASHION LTD.,BSE
KAMAHOLD,Kama Holdings Limited,NSE
KAMANWALA,Kamanwala Housing Construction Limited,NSE
KAMATHOTEL,Kamat Hotels (I) Limited,NSE
KAMATS.BO,VIKRAM KAMATS HOSPITALITY LIMI,BSE
KAMDHENU,Kamdhenu Limited,NSE
KAMOPAINTS,Kamdhenu Ventures Limited,NSE
KANANIIND,Kanani Industries Limited,NSE
KANCHI,Kanchi Karpooram Limited,NSE
KANCOTEA,Kanco Tea & Industries Limited,NSE
KANELIND.BO,KANEL INDUSTRIES LIMITED,BSE
KANOHAR,Kanohar Electricals Limited,NSE
KANORICHEM,Kanoria Chemicals & Industries Limited,NSE
KANPRPLA,Kanpur Plastipack Limited,NSE
KANSAINER,Kansai Nerolac Paints Limited,NSE
KANSHST.BO,KANISHK STEEL INDUSTRIES LTD.,BSE
KANUNGO.BO,KANUNGO FINANCIERS LIMITED,BSE
KAPILRAJ.BO,Kapil Raj Finance Ltd.,BSE
KAPSTON,Kapston Services Limited,NSE
KARAMTARA,Karamtara Engineering Limited,NSE
KARMAENG,Karma Energy Limited,NSE
KARNAVATI.BO,Karnavati Finance Limited,BSE
KARNAWATI.BO,Karnawati Innovation Limited,BSE
KARTKIN.BO,KARTIK INVESTMENTS TRUST LTD.,BSE
KARURVYSYA,Karur Vysya Bank Limited,NSE
KATIPATANG.BO,KATI PATANG LIFESTYLE LIMITED,BSE
KAUSHALYA,Kaushalya Infrastructure Development Corporation Limited,NSE
KAVDEFENCE,Kavveri Defence & Wireless Technologies Limited,NSE
KAYA,Kaya Limited,NSE
KAYCEEI.BO,KAYCEE INDUSTRIES LTD.,BSE
KAYNES,Kaynes Technology India Limited,NSE
KAYPOWR.BO,KAY POWER AND PAPER LTD.,BSE
KBSINDIA.BO,KBS INDIA LIMITED,BSE
KCDGROUP.BO,KCD INDUSTRIES INDIA LIMITED,BSE
KCLINFRA.BO,KCL Infra Projects Limited,BSE
KCP,KCP Limited,NSE
KCPSUGIND,KCP Sugar and Industries Corporation Limited,NSE
KDDL,KDDL Limited,NSE
KDGREEN,KD Green Industries Limited,NSE
KEC,KEC International Limited,NSE
KECL,Kirloskar Electric Company Limited,NSE
KEEPLEARN,DSJ Keep Learning Limited,NSE
KEERTHI.BO,KEERTHI INDUSTRIES LTD.,BSE
KEI,KEI Industries Limited,NSE
KEIL.BO,KANORIA ENERGY & INFRASTRUCTUR,BSE
KELENRG.BO,KELTECH ENERGIES LTD.,BSE
KELLTONTEC,Kellton Tech Solutions Limited,NSE
KEMISTAR.BO,KEMISTAR CORPORATION LIMITED,BSE
KENFIN.BO,KEN FINANCIAL SERVICES LTD.,BSE
KENNAMET,Kennametal India Limited,NSE
KENVI.BO,Kenvi Jewels Limited,BSE
KERALAYUR.BO,KERALA AYURVEDA LTD.,BSE
KERNEX,Kernex Microsystems (India) Limited,NSE
KESARENT.BO,KESAR ENTERPRISES LTD.,BSE
KESARPE.BO,KESAR PETROPRODUCTS LTD.,BSE
KESORAMIND,Kesoram Industries Limited,NSE
KETOMOTORS.BO,Keto Motors Limited,BSE
KEYCORP.BO,KEY CORP LTD.,BSE
KEYFINSERV,Keynote Financial Services Limited,NSE
KFBL.BO,KOTHARI FERMENTATION & BIOCHEM,BSE
KFINTECH,Kfin Technologies Limited,NSE
KGDENIM.BO,KG DENIM LTD.,BSE
KGPETRO.BO,KG PETROCHEM LTD.,BSE
KHADIM,Khadim India Limited,NSE
KHAICHEM,Khaitan Chemicals & Fertilizers Limited,NSE
KHAITANLTD,Khaitan (India) Limited,NSE
KHANDSE,Khandwala Securities Limited,NSE
KHOOBSURAT.BO,KHOOBSURAT LTD,BSE
KHYATI.BO,KHYATI MULTIMEDIA-ENTERTAINMEN,BSE
KICL,Kalyani Investment Company Limited,NSE
KIDUJA.BO,KIDUJA INDIA LTD.,BSE
KIFS.BO,KIFS FINANCIAL SERVICES LTD.,BSE
KILITCH,Kilitch Drugs (India) Limited,NSE
KIMIABL.BO,KIMIA BIOSCIENCES LIMITED,BSE
KIMS,Krishna Institute of Medical Sciences Limited,NSE
KINETICENG.BO,KINETIC ENGINEERING LTD.,BSE
KINETRU.BO,KINETIC TRUST LTD.,BSE
KINGFA,Kingfa Science & Technology (India) Limited,NSE
KINGSINFR.BO,KINGS INFRA VENTURES LIMITED,BSE
KIOCL,KIOCL Limited,NSE
KIRANSY-B.BO,KIRAN SYNTEX LTD.,BSE
KIRANVYPAR,Kiran Vyapar Limited,NSE
KIRIINDUS,Kiri Industries Limited,NSE
KIRLFER,Kirloskar Ferrous Industries Limited,NSE
KIRLOSBROS,Kirloskar Brothers Limited,NSE
KIRLOSENG,Kirloskar Oil Engines Limited,NSE
KIRLOSIND,Kirloskar Industries Limited,NSE
KIRLPNU,Kirloskar Pneumatic Company Limited,NSE
KISAAN.BO,KISAAN PARIVAR INDUSTRIES LIMI,BSE
KISAN.BO,KISAN MOULDINGS LTD.,BSE
KISSHT,OnEMI Technology Solutions Limited,NSE
KITEX,Kitex Garments Limited,NSE
KJMCCORP.BO,KJMC CORPORATE ADVISORS (INDIA,BSE
KJMCFIN,KJMC Financial Services Limited,NSE
KKALPANAIND.BO,KKALPANA INDUSTRIES (INDIA) LT,BSE
KKCL,Kewal Kiran Clothing Limited,NSE
KKPLASTICK.BO,Kkalpana Plastick Limited,BSE
KLBRENG-B,Kilburn Engineering Limited,NSE
KLGCAP.BO,KLG CAPITAL SERVICES LTD.,BSE
KLIFESTYL.BO,K-LIFESTYLE & INDUSTRIES LIMIT,BSE
KLRFM.BO,KOVILPATTI LAKSHMI ROLLER FLOU,BSE
KMCSHIL,K M C Speciality Hospitals (India) Limited,NSE
KMEW,Knowledge Marine & Engineering Works Limited,NSE
KMFBLDR.BO,KMF BUILDERS & DEVELOPERS LTD.,BSE
KMSUGAR,K.M.Sugar Mills Limited,NSE
KNACK,Knack Packaging Limited,NSE
KNAGRI,KN Agri Resources Limited,NSE
KNRCON,KNR Constructions Limited,NSE
KOBO.BO,KOBO BIOTECH LIMITED,BSE
KOHINOOR,Kohinoor Foods Limited,NSE
KOKUYOCMLN,Kokuyo Camlin Limited,NSE
KOLTEPATIL,Kolte - Patil Developers Limited,NSE
KONNDOR.BO,KONNDOR INDUSTRIES LIMITED,BSE
KOPRAN,Kopran Limited,NSE
KOTAKBANK,Kotak Mahindra Bank Limited,NSE
KOTARISUG,Kothari Sugars And Chemicals Limited,NSE
KOTHARIPET,Kothari Petrochemicals Limited,NSE
KOTHARIPRO,Kothari Products Limited,NSE
KOTIC,Kothari Industrial Corporation Limited,NSE
KOTYARK,Kotyark Industries Limited,NSE
KOVAI,Kovai Medical Center & Hospital Limited,NSE
KPEL,K.P. Energy Limited,NSE
KPIGREEN,KPI Green Energy Limited,NSE
KPIL,Kalpataru Projects International Limited,NSE
KPITTECH,KPIT Technologies Limited,NSE
KPL,Kwality Pharmaceuticals Limited,NSE
KPRMILL,K.P.R. Mill Limited,NSE
KPT.BO,KPT INDUSTRIES LIMITED,BSE
KRANTI.BO,Kranti Industries Limited,BSE
KRBL,KRBL Limited,NSE
KREBSBIO,Krebs Biochemicals and Industries Limited,NSE
KREONFIN.BO,KREON FINNANCIAL SERVICES LTD.,BSE
KRETTOSYS.BO,KRETTO SYSCON LIMITED,BSE
KRIDHANINF,Kridhan Infra Limited,NSE
KRIFILIND.BO,KRISHNA FILAMENT INDUSTRIES LI,BSE
KRISHANA,Krishana Phoschem Limited,NSE
KRISHIVAL,Krishival Foods Limited,NSE
KRISHNA.BO,KRISHNA VENTURES LIMITED,BSE
KRISHNACAP.BO,Krishna Capital And Securities,BSE
KRISHNADEF,Krishna Defence And Allied Industries Limited,NSE
KRITI,Kriti Industries (India) Limited,NSE
KRITIKA,Kritika Wires Limited,NSE
KRITINUT,Kriti Nutrients Limited,NSE
KRN,KRN Heat Exchanger and Refrigeration Limited,NSE
KRONOX,Kronox Lab Sciences Limited,NSE
KROSS,Kross Limited,NSE
KROWNIQ.BO,KROWNIQ LIMITED,BSE
KRRAIL.BO,K&R RAIL ENGINEERING LIMITED,BSE
KRSNAA,Krsnaa Diagnostics Limited,NSE
KRYPTONQ.BO,KRYPTON INDUSTRIES LTD.,BSE
KRYSTAL,Krystal Integrated Services Limited,NSE
KSB,Ksb Limited,NSE
KSCL,Kaveri Seed Company Limited,NSE
KSE,KSE Limited,NSE
KSHINTL,KSH International Limited,NSE
KSHITIJPOL,Kshitij Polyline Limited,NSE
KSL,Kalyani Steels Limited,NSE
KSOLVES,Ksolves India Limited,NSE
KSR,KSR Footwear Limited,NSE
KSSMART.BO,KS Smart Technologies Limited,BSE
KTIL.BO,KESAR TERMINALS & INFRASTRUCTU,BSE
KTKBANK,The Karnataka Bank Limited,NSE
KUANTUM,Kuantum Papers Limited,NSE
KUBERJI.BO,Kuber Udyog Limited,BSE
KUMPFIN.BO,KUMBHAT FINANCIAL SERVICES LTD,BSE
KUNSTOFF.BO,KUNSTSTOFFE INDUSTRIES LTD.,BSE
KUSHIND.BO,Kush Industries Limited,BSE
KUSUMGAR,Kusumgar Limited,NSE
KUWERIN.BO,KUWER INDUSTRIES LTD.,BSE
KVFORGE.BO,KRISHANVEER FORGE LIMITED,BSE
KWIL,Kwality Wall's (India) Limited,NSE
KZLFIN.BO,K.Z.LEASING & FINANCE LTD.,BSE
LACTOSE.BO,LACTOSE (INDIA) LTD.,BSE
LADDERUP,Ladderup Finance Limited,NSE
LADDU.BO,LADDU GOPAL ONLINE SERVICES LI,BSE
LAFFANSQ.BO,LAFFANS PETROCHEMICALS LTD.,BSE
LAGNAM,Lagnam Spintex Limited,NSE
LAHL.BO,Ladam Affortable Housing Limit,BSE
LAHOTIOV,Lahoti Overseas Limited,NSE
LAKESHORE.BO,LAKE SHORE REALTY LIMITED,BSE
LAKHOTIA.BO,LAKHOTIA POLYESTERS (INDIA) LT,BSE
LAKSELEC.BO,LAKSHMI ELECTRICAL CONTROL SYS,BSE
LAKSHMIEW.BO,LAKSHMI ENGINEERING AND WAREHO,BSE
LAKSHMIMIL,Lakshmi Mills Company Limited,NSE
LAL,Lorenzini Apparels Limited,NSE
LALITHAA,Lalithaa Jewellery Mart Limited,NSE
LALPATHLAB,Dr. Lal Path Labs Ltd.,NSE
LAMBODHARA,Lambodhara Textiles Limited,NSE
LANCER,Lancer Container Lines Limited,NSE
LANCORHOL,Lancor Holdings Limited,NSE
LANDMARC.BO,LANDMARC LEISURE CORPORATION L,BSE
LANDMARK,Landmark Cars Limited,NSE
LANDSMILL,Landsmill Green Limited,NSE
LAOPALA,La Opala RG Limited,NSE
LARGEMID50,MIRAE ASSET BSE LARGEMID (60:40) STABLE DIVIDEND 50 ETF,NSE
LASA,Lasa Supergenerics Limited,NSE
LASERPOWER,Laser Power & Infra Limited,NSE
LASTMILE.BO,LAST MILE ENTERPRISES LIMITED,BSE
LATENTVIEW,Latent View Analytics Limited,NSE
LATIMMETAL.BO,La Tim Metal & Industries Limi,BSE
LATTEYS,Latteys Industries Limited,NSE
LAURUSLABS,Laurus Labs Limited,NSE
LAXMICOT,Laxmi Cotspin Limited,NSE
LAXMIDENTL,Laxmi Dental Limited,NSE
LAXMIINDIA,Laxmi India Finance Limited,NSE
LCCINFOTEC,LCC Infotech Limited,NSE
LCCPROJECT,LCC Projects Limited,NSE
LCL,Lohia Corp Limited,NSE
LEADFIN.BO,LEAD FINANCIAL SERVICES LTD.,BSE
LEAPIND,LEAP India Limited,NSE
LEENEE,Lee & Nee Softwares Exports Limited,NSE
LEHAR.BO,LEHAR FOOTWEARS LIMITED,BSE
LELAVOIR.BO,LE LAVOIR LIMITED,BSE
LEMERITE,Le Merite Exports Limited,NSE
LEMONTREE,Lemon Tree Hotels Limited,NSE
LENSKART,Lenskart Solutions Limited,NSE
LESHAIND.BO,LESHA INDUSTRIES LTD.,BSE
LEXGLOBAL.BO,LEXORA GLOBAL LIMITED,BSE
LEXORAA.BO,LEXORAA INDUSTRIES LIMITED,BSE
LEXUS,Lexus Granito (India) Limited,NSE
LFIC,Lakshmi Finance & Industrial Corporation Limited,NSE
LGBBROSLTD,LG Balakrishnan & Bros Limited,NSE
LGBFORGE.BO,LGB FORGE LTD.,BSE
LGEINDIA,LG Electronics India Limited,NSE
LGHL,Laxmi Goldorna House Limited,NSE
LIBAS,Libas Consumer Products Limited,NSE
LIBERTSHOE,Liberty Shoes Limited,NSE
LIBORD.BO,LIBORD SECURITIES LTD.,BSE
LIBORDFIN.BO,LIBORD FINANCE LTD,BSE
LICHSGFIN,LIC Housing Finance Limited,NSE
LICI,Life Insurance Corporation Of India,NSE
LICMFGOLD,LIC MF GOLD EXCHANGE TRADED FUND,NSE
LICNETFGSC,LIC MF - LIC MF G-SEC LT ETF - GO,NSE
LICNETFN50,LIC MF - LIC MF EXCHANGE TRADED FUND - NIFTY 50,NSE
LICNETFSEN,LIC MUTUAL FUND - LIC MF EXCHANGE TRADED FUND - SENSEX,NSE
LICNFNHGP,LIC MF - LIC MF ETF - NIFTY 100,NSE
LICNMID100,LIC MUTUAL FUND - LIC MF NIFTY MIDCAP 100 ETF,NSE
LIKHAMI.BO,LIKHAMI CONSULTING LIMITED,BSE
LIKHITHA,Likhitha Infrastructure Limited,NSE
LIMECHM.BO,LIME CHEMICALS LTD.,BSE
LINC,Linc Limited,NSE
LINCOLN,Lincoln Pharmaceuticals Limited,NSE
LINDEINDIA,Linde India Limited,NSE
LINKPH.BO,LINK PHARMA CHEM LTD.,BSE
LIPPISYS.BO,LIPPI SYSTEMS LTD.,BSE
LIQGRWBEES,NIPPON INDIA MUTUAL FUND-NIPPON INDIA NIFTY 1D RATE LIQUID ETF-GROWTH,NSE
LIQUID,MIRAE ASSET MUTUAL FUND - MIRAE ASSET NIFTY 1D RATE LIQUID ETF,NSE
LIQUID1,KOTAK MAHINDRA MUTUAL FUND - KOTAK NIFTY 1D RATE LIQUID ETF,NSE
LIQUIDADD,DSP BSE LIQUID RATE ETF,NSE
LIQUIDBEES,NIPPON INDIA ETF NIFTY 1D RATE LIQUID BEES,NSE
LIQUIDBETA,UTI MUTUAL FUND - UTI NIFTY 1D RATE LIQUID ETF - GROWTH,NSE
LIQUIDBETF,BAJAJ FINSERV NIFTY 1D RATE LIQUID ETF-GROWTH,NSE
LIQUIDCASE,ZERODHA FUND HOUSE - ZERODHA NIFTY 1D RATE LIQUID ETF,NSE
LIQUIDETF,DSP NIFTY 1D RATE LIQUID ETF,NSE
LIQUIDIETF,ICICI PRUDENTIAL BSE LIQUID RATE ETF- IDCW,NSE
LIQUIDPLUS,MIRAE ASSET MUTUAL FUND - MIRAE ASSET NIFTY 1D RATE LIQUID ETF-GROWTH,NSE
LIQUIDSBI,SBI MUTUAL FUND - SBI NIFTY 1D RATE ETF,NSE
LIQUIDSHRI,SHRIRAM MUTUAL FUND -SHRIRAM NIFTY 1D RATE LIQUID ETF,NSE
LKPSEC,LKP Securities Limited,NSE
LLFICL.BO,LEADING LEASING FINANCE AND IN,BSE
LLOYDSENGG,LLOYDS ENGINEERING WORKS LIMITED,NSE
LLOYDSENT,Lloyds Enterprises Limited,NSE
LLOYDSME,Lloyds Metals And Energy Limited,NSE
LMW,LMW Limited,NSE
LODHA,Lodha Developers Limited,NSE
LOKESHMACH,Lokesh Machines Limited,NSE
LONGSPUR.BO,Longspur International Venture,BSE
LOOKS.BO,LOOKS HEALTH SERVICES LIMITED,BSE
LORDSCHLO,Lords Chloro Alkali Limited,NSE
LORDSHOTL.BO,LORDS ISHWAR HOTELS LIMITED,BSE
LORDSMARK.BO,Lords Mark Industries Limited,BSE
LOTUSCHO,Lotus Chocolate Company Limited,NSE
LOTUSDEV,Sri Lotus Developers and Realty Limited,NSE
LOTUSEYE,Lotus Eye Hospital and Institute Limited,NSE
LOVABLE,Lovable Lingerie Limited,NSE
LOWVOL,MIRAE ASSET MUTUAL FUND - MIRAE ASSET NIFTY 100 LOW VOLATILITY 30 ETF,NSE
LOWVOL1,KOTAK NIFTY 100 LOW VOLATILITY 30 ETF,NSE
LOWVOLIETF,ICICI PRUDENTIAL NIFTY 100 LOW VOLATILITY 30 ETF,NSE
LOYAL.BO,Loyal Equipments Limited,BSE
LOYALTEX,Loyal Textile Mills Limited,NSE
LPDC,Landmark Property Development Company Limited,NSE
LT,Larsen & Toubro Limited,NSE
LTF,L&T Finance Limited,NSE
LTFOODS,LT Foods Limited,NSE
LTGILTBEES,NIPPON INDIA ETF NIFTY 8-13 YR G-SEC LONG TERM GILT,NSE
LTGILTCASE,ZERODHA FUND HOUSE - ZERODHA NIFTY 8-13 YR G-SEC ETF,NSE
LTM,LTM Limited,NSE
LTTS,L&T Technology Services Limited,NSE
LUDLOWJUT.BO,LUDLOW JUTE & SPECIALITIES LTD,BSE
LUMAXIND,Lumax Industries Limited,NSE
LUMAXTECH,Lumax Auto Technologies Limited,NSE
LUMINO,Lumino Industries Limited,NSE
LUPIN,Lupin Limited,NSE
LUXIND,Lux Industries Limited,NSE
LWSKNIT.BO,LWS KNITWEAR LTD.,BSE
LXCHEM,Laxmi Organic Industries Limited,NSE
LYKALABS,Lyka Labs Limited,NSE
LYONSCO.BO,LYONS CORPORATE MARKET LTD.,BSE
M&M,Mahindra & Mahindra Limited,NSE
M&MFIN,Mahindra & Mahindra Financial Services Limited,NSE
MAANALU,Maan Aluminium Limited,NSE
MACIND.BO,Machhar Industries Limited,BSE
MACPLASQ.BO,MACHINO PLASTICS LTD.,BSE
MACPOWER,Macpower CNC Machines Limited,NSE
MADALA.BO,MADALA HOLDINGS LIMITED,BSE
MADHAV,Madhav Marbles and Granites Limited,NSE
MADHAVIPL,Madhav Infra Projects Limited,NSE
MADHUCON,Madhucon Projects Limited,NSE
MADHUDIN.BO,MADHUSUDAN INDUSTRIES LTD.,BSE
MADHURIND.BO,MADHUR INDUSTRIES LTD.,BSE
MADRASFERT,Madras Fertilizers Limited,NSE
MAFANG,MIRAE ASSET MUTUAL FUND - MIRAE ASSET NYSE FANG+ ETF,NSE
MAFATIND,Mafatlal Industries Limited,NSE
MAGADSUGAR,Magadh Sugar & Energy Limited,NSE
MAGANTR.BO,MAGNANIMOUS TRADE & FINANCE LT,BSE
MAGNAELQ.BO,MAGNA ELECTRO CASTINGS LTD.,BSE
MAGNUM,Magnum Ventures Limited,NSE
MAGNUS.BO,MAGNUS STEEL AND INFRA LIMITED,BSE
MAHABANK,Bank of Maharashtra,NSE
MAHACORP.BO,MAHARASHTRA CORPORATION LTD.,BSE
MAHALXSE.BO,MAHALAXMI SEAMLESS LTD.,BSE
MAHANIN.BO,MAHAN INDUSTRIES LTD.,BSE
MAHAPEXLTD,Maha Rashtra Apex Corporation Limited,NSE
MAHASTEEL,Mahamaya Steel Industries Limited,NSE
MAHAVEER.BO,Mahaveer Infoway Limited,BSE
MAHEPC,Mahindra EPC Irrigation Limited,NSE
MAHESH.BO,Mahesh Developers Limited,BSE
MAHESHWARI,Maheshwari Logistics Limited,NSE
MAHKTECH,MIRAE ASSET MUTUAL FUND - MIRAE ASSET HANG SENG TECH ETF,NSE
MAHLIFE,Mahindra Lifespace Developers Limited,NSE
MAHLOG,Mahindra Logistics Limited,NSE
MAHSCOOTER,Maharashtra Scooters Limited,NSE
MAHSEAMLES,Maharashtra Seamless Limited,NSE
MAINFRA.BO,MARUTI INFRASTRUCTURE LTD.,BSE
MAITHANALL,Maithan Alloys Limited,NSE
MAITRI.BO,Maitri Enterprises Limited,BSE
MAJESAUT,Majestic Auto Limited,NSE
MAKEINDIA,MIRAE ASSET MUTUAL FUND - MIRAE ASSET NIFTY INDIA MANUFACTURING ETF,NSE
MAKERSL,Makers Laboratories Limited,NSE
MAL.BO,Meyer Apparel Limited,BSE
MALLCOM,Mallcom (India) Limited,NSE
MALUPAPER,Malu Paper Mills Limited,NSE
MAMATA,Mamata Machinery Limited,NSE
MANAKALUCO,Manaksia Aluminium Company Limited,NSE
MANAKCOAT,Manaksia Coated Metals & Industries Limited,NSE
MANAKSIA,Manaksia Limited,NSE
MANAKSTEEL,Manaksia Steels Limited,NSE
MANALIPETC,Manali Petrochemicals Limited,NSE
MANAPPURAM,Manappuram Finance Limited,NSE
MANBA,Manba Finance Limited,NSE
MANCREDIT,Mangal Credit and Fincorp Limited,NSE
MANGALAM,Mangalam Drugs And Organics Limited,NSE
MANGIND.BO,MANGALAM INDUSTRIAL FINANCE LT,BSE
MANGLMCEM,Mangalam Cement Limited,NSE
MANIKA,Manika Plastech Limited,NSE
MANINDS,Man Industries (India) Limited,NSE
MANINFRA,Man Infraconstruction Limited,NSE
MANIPALHOS,Manipal Health Enterprises Limited,NSE
MANKIND,Mankind Pharma Limited,NSE
MANOMAY,Manomay Tex India Limited,NSE
MANORAMA,Manorama Industries Limited,NSE
MANORG,Mangalam Organics Limited,NSE
MANTRA.BO,Mantra Capital Limited,BSE
MANUFGBEES,NIPPON INDIA MUTUAL FUND - NIPPON INDIA NIFTY INDIA MANUFACTURING ETF,NSE
MANUGRAPH,Manugraph India Limited,NSE
MANYAVAR,Vedant Fashions Limited,NSE
MAPMYINDIA,C.E. Info Systems Limited,NSE
MAPROIN.BO,MAPRO INDUSTRIES LTD.,BSE
MARALOVER,Maral Overseas Limited,NSE
MARATHON,Marathon Nextgen Realty Limited,NSE
MARBLE.BO,MARBLE CITY INDIA LIMITED,BSE
MARBU.BO,MARTIN BURN LTD.,BSE
MARGOFIN.BO,MARGO FINANCE LIMITED,BSE
MARICO,Marico Limited,NSE
MARINE,Marine Electricals (India) Limited,NSE
MARIS.BO,MARIS SPINNERS LTD.,BSE
MARKOLINES,Markolines Pavement Technologies Limited,NSE
MARKSANS,Marksans Pharma Limited,NSE
MARSONS,Marsons Limited,NSE
MARUTI,Maruti Suzuki India Limited,NSE
MASFIN,MAS Financial Services Limited,NSE
MASKINVEST,Mask Investments Limited,NSE
MASPTOP50,MIRAE ASSET MUTUAL FUND - MIRAE ASSET S&P 500 TOP 50 ETF,NSE
MASTEK,Mastek Limited,NSE
MASTERTR,Master Trust Limited,NSE
MATRIMONY,Matrimony.Com Limited,NSE
MAWANASUG,Mawana Sugars Limited,NSE
MAXESTATES,Max Estates Limited,NSE
MAXGROW.BO,MAXGROW INDIA LIMITED,BSE
MAXHEALTH,Max Healthcare Institute Limited,NSE
MAXHEIGHTS.BO,Max heights Infrastucture Ltd,BSE
MAXIMUS.BO,Maximus International Limited,BSE
MAXIND,Max India Limited,NSE
MAYUR.BO,MAYUR LEATHER PRODUCTS LTD.,BSE
MAYURFL.BO,MAYUR FLOORINGS LTD.,BSE
MAYURUNIQ,Mayur Uniquoters Ltd,NSE
MAZDA,Mazda Limited,NSE
MAZDOCK,Mazagon Dock Shipbuilders Limited,NSE
MBAPL,Madhya Bharat Agro Products Limited,NSE
MBECL,Mcnally Bharat Engineering Company Limited,NSE
MBEL,M & B Engineering Limited,NSE
MBLINFRA,MBL Infrastructure Limited,NSE
MCCHRLS-B,Mac Charles India Limited,NSE
MCL,M TEK COPPER LIMITED,NSE
MCLEODRUSS,Mcleod Russel India Limited,NSE
MCLOUD,Magellanic Cloud Limited,NSE
MCX,Multi Commodity Exchange of India Limited,NSE
MDRNSTL.BO,MODERN STEELS LTD.,BSE
MEAPL.BO,MODERN ENGINEERING AND PROJECT,BSE
MEDANTA,Global Health Limited,NSE
MEDIAONE.BO,MEDIAONE GLOBAL ENTERTAINMENT,BSE
MEDIASSIST,Medi Assist Healthcare Services Limited,NSE
MEDICAMEQ,Medicamen Biotech Limited,NSE
MEDICAPQ,Medi Caps Limited,NSE
MEDICO,Medico Remedies Limited,NSE
MEDPLUS,Medplus Health Services Limited,NSE
MEEIND.BO,MEENAKSHI INDIA LIMITED,BSE
MEERA.BO,Meera Industries Limited,BSE
MEESHO,Meesho Limited,NSE
MEFCOMCAP.BO,MEFCOM CAPITAL MARKETS LTD.,BSE
MEGACOR.BO,MEGA CORPORATION LTD.,BSE
MEGAMONT.BO,MEGAMONT LIMITED,BSE
MEGASTAR,Megastar Foods Limited,NSE
MEGRISOFT.BO,Megri Soft Limited,BSE
MEHAI.BO,Mehai Technology  Limited,BSE
MEHIF.BO,MEHTA INTEGRATED FINANCE LTD.,BSE
MEIL,Mangal Electrical Industries Limited,NSE
MENAMANI.BO,MENA MANI INDUSTRIES LIMITED,BSE
MENNPIS,Menon Pistons Limited,NSE
MENONBE,Menon Bearings Limited,NSE
MERCANTILE,Mercantile Ventures Limited,NSE
MERCTRD.BO,MERCURY TRADE LINKS LTD.,BSE
MERCURYEV,Mercury Ev-Tech Limited,NSE
MERCURYLAB.BO,Mercury Laboratories Limited,BSE
META.BO,STRING METAVERSE LIMITED,BSE
METAL,MIRAE ASSET MUTUAL FUND - MIRAE ASSET NIFTY METAL ETF,NSE
METALCO.BO,METAL COATINGS (INDIA) LTD.,BSE
METALIETF,ICICI PRUDENTIAL MUTUAL FUND - ICICI PRUDENTIAL NIFTY METAL ETF,NSE
METROBRAND,Metro Brands Limited,NSE
METROGLOBL,Metroglobal Limited,NSE
METROPOLIS,Metropolis Healthcare Limited,NSE
METSL.BO,MAESTROS ELECTRONICS & TELECOM,BSE
MFLINDIA.BO,MFL INDIA LTD.,BSE
MFML,Mahalaxmi Fabric Mills Limited,NSE
MFSINTRCRP.BO,MFS INTERCORP LTD.,BSE
MFSL,Max Financial Services Limited,NSE
MGEL,Mangalam Global Enterprise Limited,NSE
MGIL.BO,MARUTI GLOBAL INDUSTRIES LIMIT,BSE
MGL,Mahanagar Gas Limited,NSE
MHLXMIRU,Mahalaxmi Rubtech Limited,NSE
MHRIL,Mahindra Holidays & Resorts India Limited,NSE
MICEL,MIC Electronics Limited,NSE
MID150,KOTAK MAHINDRA MUTUAL FUND - KOTAK NIFTY MIDCAP 150 ETF,NSE
MID150BEES,NIPPON INDIA ETF NIFTY MIDCAP 150,NSE
MID150CASE,ZERODHA FUND HOUSE - ZERODHA NIFTY MIDCAP 150 ETF,NSE
MIDAAS.BO,MIDAAS FASHIONS LIMITED,BSE
MIDBANKADD,DSP MUTUAL FUND - DSP BSE MIDSMALL PRIVATE BANKS ETF,NSE
MIDCAP,KOTAK NIFTY MIDCAP 50 ETF,NSE
MIDCAPADD,DSP MUTUAL FUND - DSP NIFTY MIDCAP 150 ETF,NSE
MIDCAPBETA,UTI MUTUAL FUND - UTI NIFTY MIDCAP 150 EXCHANGE TRADED FUND (ETF),NSE
MIDCAPETF,MIRAE ASSET MUTUAL FUND - MIRAE ASSET NIFTY MIDCAP 150 ETF,NSE
MIDCAPIETF,ICICI PRUDENTIAL MUTUAL FUND - ICICI PRUDENTIAL NIFTY MIDCAP 150 ETF,NSE
MIDEASTP.BO,MID EAST PORTFOLIO MANAGEMENT,BSE
MIDHANI,Mishra Dhatu Nigam Limited,NSE
MIDINDIA.BO,MID INDIA INDUSTRIES LTD.,BSE
MIDQ50ADD,DSP  MUTUAL FUND - DSP NIFTY MIDCAP 150 QUALITY 50 ETF,NSE
MIDSELIETF,ICICI PRUDENTIAL BSE MIDCAP SELECT ETF,NSE
MIDSMALL,MIRAEASSETMF-MIRAE ASSET NIFTY MIDSMALLCAP400 MOMENTUM QUALITY 100 ETF,NSE
MIDWESTLTD,Midwest Limited,NSE
MIHIKA.BO,Mihika Industries Ltd.,BSE
MIIL,Meghna Infracon Infrastructure Limited,NSE
MIL.BO,Medico Intercontinental Limite,BSE
MILKYMIST,Milky Mist Dairy Food Limited,NSE
MINALIND,Minal Industries Limited,NSE
MINAXI.BO,MINAXI TEXTILES LTD.,BSE
MINDACORP,Minda Corporation Limited,NSE
MINDTECK,Mindteck (India) Limited,NSE
MINID.BO,MINI DIAMONDS (INDIA) LTD.,BSE
MINOLTAF.BO,MINOLTA FINANCE LTD.,BSE
MIRZAINT,Mirza International Limited,NSE
MISHKA.BO,Mishka Exim Limited,BSE
MISHTANN.BO,Mishtann Foods Limited,BSE
MITCON,MITCON Consultancy & Engineering Services Limited,NSE
MITSHI.BO,Mitshi India Limited,BSE
MITSU.BO,Mitsu Chem Plast Limited,BSE
MITTAL,Mittal Life Style Limited,NSE
MIVENMACH.BO,MIVEN MACHINE TOOLS LTD.,BSE
MIZVEN.BO,MIZZEN VENTURES LIMITED,BSE
MKEXIM,M.K. Exim (India) Limited,NSE
MKPL,M K Proteins Limited,NSE
MKPMOB.BO,MKP Mobility Limited,BSE
MKVENTURES.BO,MKVENTURES CAPITAL LIMITED,BSE
MLKFOOD,Milkfood Limited,NSE
MMFL,MM Forgings Limited,NSE
MMLF.BO,MONEY MASTERS LEASING & FINANC,BSE
MMP,MMP Industries Limited,NSE
MMRUBBR-B.BO,MM RUBBER COMPANY LTD.,BSE
MMTC,MMTC Limited,NSE
MMWL,Media Matrix Worldwide Limited,NSE
MNC,KOTAK MAHINDRA MUTUAL FUND - KOTAK NIFTY MNC ETF,NSE
MNIL.BO,Mega Nirman & Industries Limit,BSE
MOALPHA50,MOTILAL OSWAL MUTUAL FUND - MOTILAL OSWAL NIFTY ALPHA 50 ETF,NSE
MOBANK10,MOTILAL OSWAL MUTUAL FUND - MOTILAL OSWAL BSE TOP 10 BANKS ETF,NSE
MOBAVENUE.BO,Mobavenue AI Tech Limited,BSE
MOBIKWIK,One Mobikwik Systems Limited,NSE
MOCAPITAL,MOTILAL OSWAL MUTUAL FUND - MOTILAL OSWAL NIFTY CAPITAL MARKET ETF,NSE
MODAIRY.BO,MODERN DAIRIES LTD.,BSE
MODEFENCE,MOTILAL OSWAL MUTUAL FUND - MOTILAL OSWAL NIFTY INDIA DEFENCE ETF,NSE
MODINATUR,Modi Naturals Limited,NSE
MODINSU.BO,MODERN INSULATORS LTD.,BSE
MODIPON.BO,MODIPON LTD.,BSE
MODIRUBBER,Modi Rubber Limited,NSE
MODIS,Modis Navnirman Limited,NSE
MODISONLTD,MODISON LIMITED,NSE
MODRNSH.BO,MODERN SHARES & STOCKBROKERS L,BSE
MODTHREAD,Modern Threads (India) Limited,NSE
MODULEX.BO,MODULEX CONSTRUCTION TECHNOLOG,BSE
MOENERGY,MOTILAL OSWAL MUTUAL FUND - MOTILAL OSWAL NIFTY ENERGY ETF,NSE
MOGOLD,MOTILAL OSWAL MUTUAL FUND - MOTILAL OSWAL GOLD ETF,NSE
MOGSEC,MOTILAL OSWAL MUTUAL FUND - MOTILAL OSWAL 5 YEAR G SEC ETF - GROWTH,NSE
MOHEALTH,MOTILAL OSWAL MUTUAL FUND - MOTILAL OSWAL S&P BSE HEALTHCARE ETF,NSE
MOHITE,Mohite Industries Limited,NSE
MOHITIND,Mohit Industries Limited,NSE
MOHITPPR.BO,MOHIT PAPER MILLS LTD.,BSE
MOIL,MOIL Limited,NSE
MOINFRA,MOTILAL OSWAL MUTUAL FUND - MOTILAL OSWAL BSE INDIA INFRASTRUCTURE ETF,NSE
MOIPO,MOTILAL OSWAL MUTUAL FUND - MOTILAL OSWAL BSE SELECT IPO ETF,NSE
MOKSH,Moksh Ornaments Limited,NSE
MOL,Meghmani Organics Limited,NSE
MOLBIO,Molbio Diagnostics Limited,NSE
MOLDTECH,Mold-Tek Technologies Limited,NSE
MOLDTKPAC,Mold-Tek Packaging Limited,NSE
MOLOWVOL,MOTILAL OSWAL MUTUAL FUND - MOTILAL OSWAL S&P BSE LOW VOLATILITY ETF,NSE
MOM100,MOTILAL OSWAL MUTUAL FUND - MOTILAL OSWAL MOST SHARES M100 ETF GO,NSE
MOM30IETF,ICICI PRUDENTIAL MUTUAL FUND -  ICICI PRU NIFTY 200 MOMENTUM 30 ETF,NSE
MOM50,MOTILAL OSWAL MUTUAL FUND - MOTILAL OSWAL MOST SHARES M50 ETF,NSE
MOMENTUM,ADITYA BIRLA SUN LIFE MUTUAL FUND - ADITYA BIRLA SUN LIFE NIFTY 200 MO,NSE
MOMENTUM30,KOTAK MAHINDRA MUTUAL FUND - KOTAK NIFTY 200 MOMENTUM 30 ETF,NSE
MOMENTUM50,MOTILAL OSWAL MUTUAL FUND - MOTILAL OSWAL NIFTY 500 MOMENTUM 50 ETF,NSE
MOMETAL,MOTILAL OSWAL MUTUAL FUND - MOTILAL OSWAL NIFTY METAL ETF,NSE
MOMGF,MOTILAL OSWAL MUTUAL FUND-MOTILAL OSWAL NIFTY INDIA MANUFACTURING ETF,NSE
MOMIDMTM,MOTILAL OSWAL MUTUAL FUND - MOTILAL OSWAL NIFTY MIDCAP150 MOMENTUM 50,NSE
MOMMIDCAP,MIRAE ASSET MUTUAL FUND - MIRAE ASSET BSE MIDCAP 150 MOMENTUM 30 ETF,NSE
MOMNC,MOTILAL OSWAL MUTUAL FUND - MOTILAL OSWAL NIFTY MNC ETF,NSE
MOMOMENTUM,MOTILAL OSWAL MUTUAL FUND - MOTILAL OSWAL NIFTY 200 MOMENTUM 30 ETF,NSE
MOMSBELIEF,Rays of Belief Limited,NSE
MON100,MOTILAL OSWAL MUTUAL FUND-MOTILAL OSWAL MOST SHARES NASDAQ 100 ETF -GO,NSE
MON50EQUAL,MOTILAL OSWAL MUTUAL FUND - MOTILAL OSWAL NIFTY 50 EQUAL WEIGHT ETF,NSE
MONARCH,Monarch Networth Capital Limited,NSE
MONEXT50,MOTILAL OSWAL MUTUAL FUND - MOTILAL OSWAL NIFTY NEXT 50 ETF,NSE
MONEYBOXX,Moneyboxx Finance Limited,NSE
MONEYVIEW,Moneyview Limited,NSE
MONIFTY100,MOTILAL OSWAL MUTUAL FUND - MOTILAL OSWAL NIFTY 100 ETF,NSE
MONIFTY500,MOTILAL OSWAL MUTUAL FUND - MOTILAL OSWAL NIFTY 500 ETF,NSE
MONOT.BO,MONOTYPE INDIA LTD.,BSE
MONQ50,MOTILAL OSWAL MUTUAL FUND - MOTILAL OSWAL NASDAQ Q 50 ETF,NSE
MONTECARLO,Monte Carlo Fashions Limited,NSE
MOOILGAS,MOTILAL OSWAL MUTUAL FUND - MOTILAL OSWAL NIFTY OIL & GAS ETF,NSE
MOPSE,MOTILAL OSWAL MUTUAL FUND - MOTILAL OSWAL NIFTY PSE ETF,NSE
MOQUALITY,MOTILAL OSWAL MUTUAL FUND - MOTILAL OSWAL S&P BSE QUALITY ETF,NSE
MORARKFI.BO,MORARKA FINANCE LTD.,BSE
MOREALTY,MOTILAL OSWAL MUTUAL FUND - MOTILAL OSWAL NIFTY REALTY ETF,NSE
MOREPENLAB,Morepen Laboratories Limited,NSE
MORGAN.BO,MORGAN VENTURES LTD.,BSE
MOSCHIP,Moschip Technologies Limited,NSE
MOSERVICE,MOTILAL OSWAL MUTUAL FUND - MOTILAL OSWAL NIFTY SERVICES SECTOR ETF,NSE
MOSILVER,MOTILAL OSWAL MUTUAL FUND - MOTILAL OSWAL SILVER ETF,NSE
MOSMALL250,MOTILAL OSWAL MUTUAL FUND - MOTILAL OSWAL NIFTY SMALLCAP 250 ETF,NSE
MOTHERSON,Samvardhana Motherson International Limited,NSE
MOTILALOFS,Motilal Oswal Financial Services Limited,NSE
MOTISONS,Motisons Jewellers Limited,NSE
MOTOGENFIN,The Motor & General Finance Limited,NSE
MOTOUR,MOTILAL OSWAL MUTUAL FUND - MOTILAL OSWAL NIFTY INDIA TOURISM ETF,NSE
MOVALUE,MOTILAL OSWAL MUTUAL FUND - MOTILAL OSWAL SP BSE ENHANCED VALUE ETF,NSE
MPAGI.BO,M.P.AGRO INDUSTRIES LTD.,BSE
MPCOSEMB.BO,MIPCO SEAMLESS RINGS (GUJARAT),BSE
MPDL,MPDL Limited,NSE
MPHASIS,MphasiS Limited,NSE
MPILCORPL.BO,MPIL CORPORATION LTD.,BSE
MPIMANIPAL,Manipal Payment and Identity Solutions Limited,NSE
MPL.BO,MPL PLASTICS LTD.,BSE
MPSLTD,MPS Limited,NSE
MRCAGRO.BO,MRC AGROTECH LIMITED,BSE
MRF,MRF Limited,NSE
MRPL,Mangalore Refinery and Petrochemicals Limited,NSE
MRUTR.BO,MRUGESH TRADING LTD.,BSE
MSCI360,360 ONE MUTUAL FUND - 360 ONE MSCI INDIA ETF,NSE
MSCIADD,DSP MUTUAL FUND - DSP MSCI INDIA ETF,NSE
MSCIINDIA,KOTAK MAHINDRA MUTUAL FUND - KOTAK MSCI INDIA ETF,NSE
MSCTC.BO,MARDIA SAMYOUNG CAPILLARY TUBE,BSE
MSL,Mangalam Seeds Limited,NSE
MSLGLOBAL.BO,MSL GLOBAL LIMITED,BSE
MSPL,MSP Steel & Power Limited,NSE
MSRINDIA.BO,MSR INDIA LTD.,BSE
MSTCLTD,Mstc Limited,NSE
MSUMI,Motherson Sumi Wiring India Limited,NSE
MTARTECH,Mtar Technologies Limited,NSE
MTEDUCARE,MT Educare Limited,NSE
MTNL,Mahanagar Telephone Nigam Limited,NSE
MTPL.BO,MARG TECHNO PROJECTS LIMITED,BSE
MUDUNURU.BO,Mudunuru Limited,BSE
MUFIN,Mufin Green Finance Limited,NSE
MUFTI,Credo Brands Marketing Limited,NSE
MUKANDLTD,Mukand Limited,NSE
MUKATPIP.BO,MUKAT PIPES LTD.,BSE
MUKESHB,Mukesh Babu Financial Services Limited,NSE
MUKKA,Mukka Proteins Limited,NSE
MUKTA.BO,Mukta Agriculture Limited,BSE
MUKTAARTS,Mukta Arts Limited,NSE
MUL.BO,MAURIA UDYOG LIMITED,BSE
MULTIBASE.BO,MULTIBASE INDIA LTD.,BSE
MULTICAP,MIRAE ASSET MUTUAL FUND - MIRAE ASSET NIFTY 500 MULTICAP 50:25:25 ETF,NSE
MUNJALAU,Munjal Auto Industries Limited,NSE
MUNJALSHOW,Munjal Showa Limited,NSE
MURUDCERA,Murudeshwar Ceramics Limited,NSE
MUTHOOTCAP,Muthoot Capital Services Limited,NSE
MUTHOOTFIN,Muthoot Finance Limited,NSE
MUTHOOTMF,Muthoot Microfin Limited,NSE
MVELECTRO,MV Electrosystems Limited,NSE
MVGJL,Manoj Vaibhav Gems N Jewellers Limited,NSE
MWL,Mangalam Worldwide Limited,NSE
MYMONEY.BO,My Money Securities Ltd.,BSE
MYSORPETRO,Mysore Petro Chemicals Limited,NSE
MYSTICELE.BO,Mystic Electronics Limited,BSE
NACLIND,NACL Industries Limited,NSE
NAGPI.BO,NAGPUR POWER & INDUSTRIES LTD.,BSE
NAGREEKCAP,Nagreeka Capital & Infrastructure Limited,NSE
NAGREEKEXP,Nagreeka Exports Limited,NSE
NAGTECH.BO,NAGARJUNA AGRI TECH LTD.,BSE
NAHARCAP,Nahar Capital and Financial Services Limited,NSE
NAHARINDUS,Nahar Industrial Enterprises Limited,NSE
NAHARPOLY,Nahar Poly Films Limited,NSE
NAHARSPING,Nahar Spinning Mills Limited,NSE
NAKSH.BO,Naksh Precious Metals Limited,BSE
NAM-INDIA,Nippon Life India Asset Management Limited,NSE
NAPEROL.BO,Naperol Investments Limited,BSE
NAPL.BO,Naturite Agro Products Limited,BSE
NARMADA,Narmada Agrobase Limited,NSE
NARMP.BO,NARMADA MACPLAST DRIP IRRIGATI,BSE
NARPROP.BO,NARENDRA PROPERTIES LTD.,BSE
NATCAPSUQ,Natural Capsules Limited,NSE
NATCOPHARM,Natco Pharma Limited,NSE
NATFIT.BO,NATIONAL FITTINGS LIMITED,BSE
NATGENI.BO,NATIONAL GENERAL INDUSTRIES LT,BSE
NATHBIOGEN,Nath Bio-Genes (India) Limited,NSE
NATHIND.BO,NATH INDUSTRIES LIMITED,BSE
NATHUEC.BO,NATURA HUE CHEM LTD.,BSE
NATIONALUM,National Aluminium Company Limited,NSE
NATIONSTD,National Standard (India) Limited,NSE
NATPLAS.BO,NATIONAL PLASTIC INDUSTRIES LT,BSE
NATPLASTI.BO,NATIONAL PLASTIC TECHNOLOGIES,BSE
NATRAJPR.BO,NATRAJ PROTEINS LTD.,BSE
NATURAL.BO,Natural Biocon (India) Limited,BSE
NAUKRI,Info Edge (India) Limited,NSE
NAVA,NAVA LIMITED,NSE
NAVINFLUOR,Navin Fluorine International Limited,NSE
NAVKARCORP,Navkar Corporation Limited,NSE
NAVKARURB,Navkar Urbanstructure Limited,NSE
NAVNETEDUL,Navneet Education Limited,NSE
NAZARA,Nazara Technologies Limited,NSE
NBCC,NBCC (India) Limited,NSE
NBIFIN,N. B. I. Industrial Finance Company Limited,NSE
NCC,NCC Limited,NSE
NCLIND,NCL Industries Limited,NSE
NCLRESE.BO,NCL RESEARCH & FINANCIAL SERVI,BSE
NDASEC.BO,NDA SECURITIES LTD.,BSE
NDGL,Naga Dhunseri Group Limited,NSE
NDL,Nandan Denim Limited,NSE
NDLVENTURE,NDL Ventures Limited,NSE
NDRAUTO,Ndr Auto Components Limited,NSE
NDTV,New Delhi Television Limited,NSE
NEAGI,Neelamalai Agro Industries Limited,NSE
NECCLTD,North Eastern Carrying Corporation Limited,NSE
NECLIFE,Nectar Lifesciences Limited,NSE
NEELKAN.BO,NEELKANTH ROCKMINERALS LTD.,BSE
NEELKANTH.BO,NEELKANTH LIMITED,BSE
NEERAJ.BO,NEERAJ PAPER MARKETING LIMITED,BSE
NEIL.BO,Neil Industries Ltd.,BSE
NELCAST,Nelcast Limited,NSE
NELCO,NELCO Limited,NSE
NEOGEN,Neogen Chemicals Limited,NSE
NEOINFRA.BO,NEO INFRACON LTD.,BSE
NEPHROPLUS,Nephrocare Health Services Limited,NSE
NESCO,Nesco Limited,NSE
NESTLEIND,Nestle India Limited,NSE
NETF,TATA NIFTY 50 EXCHANGE TRADED FUND,NSE
NETLINK.BO,NETLINK SOLUTIONS (INDIA) LTD.,BSE
NETTLINX.BO,NETTLINX LTD.,BSE
NETWEB,Netweb Technologies India Limited,NSE
NETWORK18,Network18 Media & Investments Limited,NSE
NEUEON,Neueon Corporation Limited,NSE
NEULANDLAB,Neuland Laboratories Limited,NSE
NEWGEN,Newgen Software Technologies Limited,NSE
NEWINFRA.BO,NEWTIME INFRASTRUCTURE LIMITED,BSE
NEWLIGHT.BO,NEW LIGHT INDUSTRIES LIMITED,BSE
NEWMKTAVE.BO,NEW MARKETS AVENUE LIMITED,BSE
NEWTRAC.BO,NEWTRAC FOODS & BEVERAGES LIMI,BSE
NEXOME.BO,NEXOME CAPITAL MARKETS LIMITED,BSE
NEXT30ADD,DSP MUTUAL FUND - DSP BSE SENSEX NEXT 30 ETF,NSE
NEXT50,MIRAE ASSET MUTUAL FUND - MIRAE ASSET NIFTY NEXT 50 ETF (MANXT50) - MI,NSE
NEXT50ADD,DSP MUTUAL FUND - DSP NIFTY NEXT 50 ETF,NSE
NEXT50BETA,UTI MUTUAL FUND - UTI NIFTY NEXT 50 EXCHANGE TRADED FUND - UTI NIFTY N,NSE
NEXT50ETF,KOTAK MAHINDRA MUTUAL FUND - KOTAK NIFTY NEXT 50 ETF,NSE
NEXT50IETF,ICICI PRUDENTIAL MUTUAL FUND - ICICI PRUDENTIAL NIFTY NEXT 50 ETF,NSE
NEXTMEDIA,Next Mediaworks Limited,NSE
NEXUSSURGL.BO,NEXUS SURGICAL AND MEDICARE LI,BSE
NFL,National Fertilizers Limited,NSE
NGIL,Nakoda Group of Industries Limited,NSE
NGIND.BO,N.G.INDUSTRIES LTD.,BSE
NGLFINE,NGL Fine-Chem Limited,NSE
NH,Narayana Hrudayalaya Ltd.,NSE
NHCFOODS.BO,NHC FOODS LTD.,BSE
NHPC,NHPC Limited,NSE
NIACL,The New India Assurance Company Limited,NSE
NIBE,NIBE Limited,NSE
NIBL,NRB Industrial Bearings Limited,NSE
NICCOPAR,Nicco Parks & Resorts Limited,NSE
NIDHGRN.BO,NIDHI GRANITES LTD.,BSE
NIF100BEES,NIPPON INDIA ETF NIFTY 100,NSE
NIF100IETF,ICICI PRUDENTIAL NIFTY 100 ETF,NSE
NIF500BETA,UTI MUTUAL FUND - UTI NIFTY 500 EXCHANGE TRADED FUND,NSE
NIFTY1,KOTAK NIFTY 50 ETF,NSE
NIFTY100EW,KOTAK MAHINDRA MUTUAL FUND - KOTAK NIFTY 100 EQUAL WEIGHT ETF,NSE
NIFTYADD,DSP  MUTUAL FUND - DSP NIFTY 50 ETF,NSE
NIFTYAXIS,AXIS MUTUAL FUND - AXIS NIFTY 50 ETF,NSE
NIFTYBEES,NIPPON INDIA ETF NIFTY 50 BEES,NSE
NIFTYBETA,UTI NIFTY 50 ETF,NSE
NIFTYBETF,BAJAJ FINSERV MUTUAL FUND - BAJAJ FINSERV NIFTY 50 ETF,NSE
NIFTYCASE,ZERODHA FUND HOUSE - ZERODHA NIFTY 50 ETF,NSE
NIFTYETF,MIRAE ASSET MUTUAL FUND - MIRAE ASSET NIFTY 50 ETF,NSE
NIFTYIETF,ICICI PRUDENTIAL NIFTY 50 ETF,NSE
NIFTYJBLK,JIO BLACKROCK MUTUAL FUND - JIOBLACKROCK NIFTY 50 ETF,NSE
NIFTYQLITY,ADITYA BIRLA SUN LIFE MUTUAL FUND - ABSL NIFTY 200 QUALITY 30 ETF,NSE
NIHARINF.BO,NIHAR INFO GLOBAL LTD.,BSE
NIITLTD,NIIT Limited,NSE
NIITMTS,NIIT Learning Systems Limited,NSE
NIKHILAD.BO,NIKHIL ADHESIVES LTD.,BSE
NIKKIGL.BO,NIKKI GLOBAL FINANCE LTD.,BSE
NILACHAL.BO,NILACHAL REFRACTORIES LTD.,BSE
NILAINFRA,Nila Infrastructures Limited,NSE
NILASPACES,Nila Spaces Limited,NSE
NILE,Nile Limited,NSE
NILKAMAL,Nilkamal Limited,NSE
NIMBSPROJ,Nimbus Projects Limited,NSE
NINSYS,NINtec Systems Limited,NSE
NIPPOBATRY,Indo-National Limited,NSE
NIRAJ,Niraj Cement Structurals Limited,NSE
NIRAJISPAT,Niraj Ispat Industries Limited,NSE
NIRAVCOM.BO,NIRAV COMMERCIALS LTD.,BSE
NIRLON,Nirlon Limited,NSE
NITCO,Nitco Limited,NSE
NITINCAST.BO,Nitin Castings Limited,BSE
NITINSPIN,Nitin Spinners Limited,NSE
NITIRAJ,Nitiraj Engineers Limited,NSE
NITTAGELA,Nitta Gelatin India Limited,NSE
NIVABUPA,Niva Bupa Health Insurance Company Limited,NSE
NIVAKA.BO,NIVAKA FASHIONS LIMITED,BSE
NIYOGIN.BO,Niyogin Fintech Limited,BSE
NKIND,NK Industries Limited,NSE
NLCINDIA,NLC India Limited,NSE
NLFL.BO,NALIN LEASE FINANCE LTD.,BSE
NMDC,NMDC Limited,NSE
NMSGLOBAL.BO,NMS GLOBAL LIMITED,BSE
NNTL.BO,N2N TECHNOLOGIES LIMITED,BSE
NOBPOL.BO,NOBLE POLYMERS LIMITED,BSE
NOCIL,NOCIL Limited,NSE
NOIDATOLL,Noida Toll Bridge Company Limited,NSE
NOL.BO,NATIONAL OXYGEN LTD.,BSE
NORBTEAEXP,Norben Tea & Exports Limited,NSE
NORRIS.BO,NORRIS MEDICINES LTD.,BSE
NORTHARC,Northern Arc Capital Limited,NSE
NORTHLINK.BO,Northlink Fiscal And Capital S,BSE
NOUVEAU.BO,NOUVEAU GLOBAL VENTURES LTD.,BSE
NOVAAGRI,Nova Agritech Limited,NSE
NOVARTIND,Novartis India Limited,NSE
NOVELIX.BO,NOVELIX PHARMACEUTICALS LIMITE,BSE
NOVIS.BO,NOVA IRON & STEEL LTD.,BSE
NPBET,TATA NIFTY PRIVATE BANK EXCHANGE TRADED FUND,NSE
NPL.BO,National Peroxide Limited,BSE
NPST,Network People Services Technologies Limited,NSE
NRAIL,N R Agarwal Industries Limited,NSE
NRBBEARING,NRB Bearing Limited,NSE
NRL,Nupur Recyclers Limited,NSE
NSDL.BO,National Securities Depository,BSE
NSE.BO,National Stock Exchange of Ind,BSE
NSIL,Nalwa Sons Investments Limited,NSE
NSL.BO,Northern Spirits Limited,BSE
NSLNISP,NMDC Steel Limited,NSE
NTCIND,NTC Industries Limited,NSE
NTPC,NTPC Limited,NSE
NTPCGREEN,NTPC Green Energy Limited,NSE
NUCLEUS,Nucleus Software Exports Limited,NSE
NURECA,Nureca Limited,NSE
NUTECGLOB.BO,NUTECH GLOBAL LTD.,BSE
NUVAMA,Nuvama Wealth Management Limited,NSE
NUVOCO,Nuvoco Vistas Corporation Limited,NSE
NV20,KOTAK NIFTY 50 VALUE 20 ETF,NSE
NV20BEES,NIPPON INDIA ETF NIFTY 50 VALUE 20,NSE
NV20IETF,ICICI PRUDENTIAL NIFTY50 VALUE 20 ETF,NSE
NWIL.BO,NURTURE WELL INDUSTRIES LIMITE,BSE
NYKAA,FSN E-Commerce Ventures Limited,NSE
NYSSACORP.BO,NYSSA CORPORATION LIMITED,BSE
OAL,Oriental Aromatics Limited,NSE
OASISEC.BO,OASIS SECURITIES LTD.,BSE
OBCL,OBCL Limited,NSE
OBEROIRLTY,Oberoi Realty Limited,NSE
OCCLLTD,OCCL Limited,NSE
OCEANIC.BO,Oceanic Foods Limited,BSE
OCTAL.BO,Octal Credit Capital Ltd.,BSE
OCTAVE.BO,PERFECT-OCTAVE MEDIA PROJECTS,BSE
OCTAVIUSPL.BO,Octavius Plantations Limited,BSE
ODIGMA,Odigma Consultancy Solutions Limited,NSE
ODYCORP,Odyssey Corporation Limited,NSE
ODYSSEY.BO,ODYSSEY TECHNOLOGIES LTD.,BSE
OFSS,Oracle Financial Services Software Limited,NSE
OIL,Oil India Limited,NSE
OILCOUNTUB,Oil Country Tubular Limited,NSE
OILIETF,ICICI PRUDENTIAL MUTUAL FUND - ICICI PRUDENTIAL NIFTY OIL & GAS ETF,NSE
OIVL.BO,ONESOURCE INDUSTRIES AND VENTU,BSE
OKPLA.BO,OK PLAY INDIA LTD.,BSE
OLAELEC,Ola Electric Mobility Limited,NSE
OLECTRA,Olectra Greentech Limited,NSE
OLPCL.BO,OLYMPIC CARDS LTD.,BSE
OLYMPTX.BO,OLYMPIA INDUSTRIES LTD.,BSE
OLYMTFI.BO,OLYMPIC MANAGEMENT & FINANCIAL,BSE
OLYOI.BO,OLYMPIC OIL INDUSTRIES LTD.,BSE
OMAXAUTO,Omax Autos Limited,NSE
OMAXE,Omaxe Limited,NSE
OMEAG.BO,OMEGA AG-SEEDS (PUNJAB) LTD.,BSE
OMEGAIN.BO,OMEGA INTERACTIVE TECHNOLOGIES,BSE
OMFREIGHT,Om Freight Forwarders Limited,NSE
OMINFRAL,OM INFRA LIMITED,NSE
OMKAR.BO,OMKAR OVERSEAS LTD.,BSE
OMKARPH.BO,OMKAR PHARMACHEM LTD.,BSE
OMNI,Omnitech Engineering Limited,NSE
OMNIAX.BO,OMNI AXS SOFTWARE LTD.,BSE
OMNITEX.BO,OMNITEX INDUSTRIES (INDIA) LTD,BSE
OMPOWER,Om Power Transmission Limited,NSE
ONEGLOBAL,One Global Service Provider Limited,NSE
ONELIFECAP,Onelife Capital Advisors Limited,NSE
ONEPOINT,One Point One Solutions Limited,NSE
ONESOURCE,Onesource Specialty Pharma Limited,NSE
ONGC,Oil & Natural Gas Corporation Limited,NSE
ONIDA,Onida Electronics Limited,NSE
ONIXSOLAR,Onix Solar Energy Limited,NSE
ONMOBILE,OnMobile Global Limited,NSE
ONTIC.BO,Ontic Finserve Limited,BSE
ONWARDTEC,Onward Technologies Limited,NSE
OONE.BO,OBJECTONE INFORMATION SYSTEMS,BSE
OPTIEMUS,Optiemus Infracom Limited,NSE
OPTIFIN,Optimus Finance Limited,NSE
ORBTEXP,Orbit Exports Limited,NSE
ORCHASP,Orchasp Limited,NSE
ORCHPHARMA,Orchid Pharma Limited,NSE
ORGCOAT.BO,ORGANIC COATINGS LTD.,BSE
ORIBEVER.BO,ORIENT BEVERAGES LTD.,BSE
ORICONENT,Oricon Enterprises Limited,NSE
ORIENTALTL,Oriental Trimex Limited,NSE
ORIENTBELL,Orient Bell Limited,NSE
ORIENTCABL,Orient Cables (India) Limited,NSE
ORIENTCEM,Orient Cement Limited,NSE
ORIENTCER,ORIENT CERATECH LIMITED,NSE
ORIENTELEC,Orient Electric Limited,NSE
ORIENTHOT,Oriental Hotels Limited,NSE
ORIENTLTD,Orient Press Limited,NSE
ORIENTPPR,Orient Paper & Industries Limited,NSE
ORIENTTECH,Orient Technologies Limited,NSE
ORIENTTR.BO,ORIENT TRADELINK LTD.,BSE
ORIRAIL,Oriental Rail Infrastructure Limited,NSE
ORISSAMINE,The Orissa Minerals Development Company Limited,NSE
ORKLAINDIA,Orkla India Limited,NSE
OROSMITHS.BO,OROSIL SMITHS INDIA LTD.,BSE
ORTINGLOBE,ORTIN GLOBAL LIMITED,NSE
OSCARGLO.BO,OSCAR GLOBAL LTD.,BSE
OSIAJEE.BO,OSIAJEE TEXFAB LIMITED,BSE
OSWALAGRO,Oswal Agro Mills Limited,NSE
OSWALGREEN,Oswal Greentech Limited,NSE
OSWALPUMPS,Oswal Pumps Limited,NSE
OSWALSEEDS,ShreeOswal Seeds And Chemicals Limited,NSE
OTCO.BO,OTCO INTERNATIONAL LTD.,BSE
OVOBELE.BO,OVOBEL FOODS LTD.,BSE
OXFORDIN.BO,OXFORD INDUSTRIES LTD.,BSE
OXYGENTAPH.BO,OXYGENTA PHARMACEUTICAL LIMITE,BSE
PACEDIGITK,Pace Digitek Limited,NSE
PACIFICI,Pacific Industries Limited,NSE
PADALPO.BO,PADMANABH ALLOYS & POLYMERS LT,BSE
PADAMCO.BO,PADAM COTTON YARNS LTD.,BSE
PADMAIND.BO,Padmanabh Industries Ltd,BSE
PADMALAYAT.BO,PADMALAYA TELEFILMS LTD.,BSE
PAGEIND,Page Industries Limited,NSE
PAISALO,Paisalo Digital Limited,NSE
PAKKA,PAKKA LIMITED,NSE
PALASHSECU,Palash Securities Limited,NSE
PALCO.BO,Palco Metals Limited,BSE
PALMJEWELS.BO,Palm Jewels Limited,BSE
PALREDTEC,Palred Technologies Limited,NSE
PANABYTE.BO,PANABYTE TECHNOLOGIES LIMITED,BSE
PANACEABIO,Panacea Biotec Limited,NSE
PANACHE,Panache Digilife Limited,NSE
PANAENERG.BO,PANASONIC ENERGY INDIA COMPANY,BSE
PANAFIC.BO,PANAFIC INDUSTRIALS LTD,BSE
PANAMAPET,Panama Petrochem Limited,NSE
PANCARBON.BO,PANASONIC CARBON INDIA CO.LTD.,BSE
PANCHMAHQ,Panchmahal Steel Limited,NSE
PANCHSHEEL.BO,PANCHSHEEL ORGANICS LTD.,BSE
PANCM.BO,PANYAM CEMENTS & MINERAL INDUS,BSE
PANELEC.BO,PAN ELECTRONICS INDIA LTD.,BSE
PANIDPR.BO,PANTHER INDUSTRIAL PRODUCTS LT,BSE
PANINDIAC.BO,PAN INDIA CORPORATION LTD.,BSE
PANJON.BO,PANJON LTD.,BSE
PANKAJPO.BO,PANKAJ POLYMERS LTD.,BSE
PANORAMA,Panorama Studios International Limited,NSE
PANSARI,Pansari Developers Limited,NSE
PANTH.BO,PANTH INFINITY LIMITED,BSE
PAR,Par Drugs And Chemicals Limited,NSE
PARACABLES,Paramount Communications Limited,NSE
PARADEEP,Paradeep Phosphates Limited,NSE
PARAGMILK,Parag Milk Foods Limited,NSE
PARAGONF.BO,PARAGON FINANCE LTD.,BSE
PARAS,Paras Defence and Space Technologies Limited,NSE
PARASPETRO,Paras Petrofils Limited,NSE
PARIN,Parin Enterprises Limited,NSE
PARKERAC.BO,PARKER AGROCHEM EXPORTS LTD.,BSE
PARKHOSPS,Park Medi World Limited,NSE
PARKHOTELS,Apeejay Surrendra Park Hotels Limited,NSE
PARLEIND.BO,PARLE INDUSTRIES LIMITED,BSE
PARMAX.BO,Parmax Pharma Limited,BSE
PARMCOS-B.BO,PARAMOUNT COSMETICS (INDIA) LT,BSE
PARMSILK.BO,PARMESHWARI SILK MILLS LIMITED,BSE
PARNAXLAB,Parnax Lab Limited,NSE
PARSHWANA.BO,PARSHWANATH CORPORATION LTD.,BSE
PARSVNATH,Parsvnath Developers Limited,NSE
PARVATI.BO,Parvati Sweetners and Power Lt,BSE
PASARI.BO,PASARI SPINNING MILLS LTD.,BSE
PASHUPATI,Pashupati Cotspin Limited,NSE
PASUFIN.BO,PASUPATI FINCAP LTD.,BSE
PASUPTAC,Pasupati Acrylon Limited,NSE
PASUSPG.BO,PASUPATI SPG.& WVG.MILLS LTD.,BSE
PATANJALI,Patanjali Foods Limited,NSE
PATELENG,Patel Engineering Limited,NSE
PATELRMART,Patel Retail Limited,NSE
PATELSAI.BO,PATELS AIRTEMP (INDIA) LTD.,BSE
PATIDAR.BO,PATIDAR BUILDCON LIMITED,BSE
PATINTLOG,Patel Integrated Logistics Limited,NSE
PATSPINLTD.BO,PATSPIN INDIA LTD.,BSE
PAUSHAKLTD,Paushak Limited,NSE
PAVNAIND,Pavna Industries Limited,NSE
PAYTM,One 97 Communications Limited,NSE
PBAINFRA.BO,PBA INFRASTRUCTURE LTD.,BSE
PBMPOLY,PBM Polytex Limited,NSE
PCBL,PCBL Chemical Limited,NSE
PCCOSMA.BO,PEE CEE COSMA SOPE LTD.,BSE
PCJEWELLER,PC Jeweller Limited,NSE
PCS.BO,PCS TECHNOLOGY LTD.,BSE
PDMJEPAPER,Pudumjee Paper Products Limited,NSE
PDSL,PDS Limited,NSE
PEARLPOLY,Pearl Polymers Limited,NSE
PEIL.BO,PREMIER ENERGY AND INFRASTRUCT,BSE
PENIND,Pennar Industries Limited,NSE
PENINLAND,Peninsula Land Limited,NSE
PEOPLIN.BO,PEOPLES INVESTMENTS LTD.,BSE
PERFEPA.BO,PERFECTPAC LTD.,BSE
PERMAGN,Permanent Magnets Limited,NSE
PERNIASPOP,Purple Style Labs Limited,NSE
PERSISTENT,Persistent Systems Limited,NSE
PERVASIVE.BO,Pervasive Commodities Limited,BSE
PETRONET,Petronet LNG Limited,NSE
PFC,Power Finance Corporation Limited,NSE
PFIZER,Pfizer Limited,NSE
PFLINFOTC.BO,PFL INFOTECH LTD.,BSE
PFOCUS,Prime Focus Limited,NSE
PFS,PTC India Financial Services Limited,NSE
PGEL,PG Electroplast Limited,NSE
PGFOILQ.BO,PG FOILS LTD.,BSE
PGHH,Procter & Gamble Hygiene and Health Care Limited,NSE
PGHL,Procter & Gamble Health Limited,NSE
PGIL,Pearl Global Industries Limited,NSE
PHARMABEES,NIPPON INDIA MUTUAL FUND - NIPPON INDIA NIFTY PHARMA ETF,NSE
PHARMAID.BO,PHARMAIDS PHARMACEUTICALS LTD.,BSE
PHCAP.BO,P H CAPITAL LIMITED,BSE
PHOENIXLTD,The Phoenix Mills Limited,NSE
PHOENXINTL,Phoenix International Limited,NSE
PHOTON.BO,PHOTON CAPITAL ADVISORS LTD.,BSE
PHRMASI.BO,PHAARMASIA LTD.,BSE
PHYTO.BO,PHYTO CHEM (INDIA) LTD.,BSE
PICCADIL,Piccadily Agro Industries Limited,NSE
PICCASUG.BO,PICCADILY SUGAR & ALLIED INDUS,BSE
PICTUREHS.BO,PICTUREHOUSE MEDIA LTD.,BSE
PIDILITIND,Pidilite Industries Limited,NSE
PIGL,Power & Instrumentation (Gujarat) Limited,NSE
PIIND,PI Industries Limited,NSE
PILANIINVS,Pilani Investment and Industries Corporation Limited,NSE
PILITA,PIL ITALICA LIFESTYLE LIMITED,NSE
PINELABS,Pine Labs Limited,NSE
PIONEEREMB,Pioneer Embroideries Limited,NSE
PIONRINV,Pioneer Investcorp Limited,NSE
PIPAN.BO,PIPAN OILS LIMITED,BSE
PIRAMALFIN,Piramal Finance Limited,NSE
PITTIENG,Pitti Engineering Limited,NSE
PIXTRANS,Pix Transmissions Limited,NSE
PKTEA,The Peria Karamalai Tea & Produce Company Limited,NSE
PLASTIBLEN,Plastiblends India Limited,NSE
PLATIND,Platinum Industries Limited,NSE
PLAZACABLE,Plaza Wires Limited,NSE
PMCFIN.BO,PMC FINCORP LIMITED,BSE
PML,Paul Merchants Limited,NSE
PMTELELIN.BO,P.M.TELELINNKS LTD.,BSE
PNB,Punjab National Bank,NSE
PNBGILTS,PNB Gilts Limited,NSE
PNBHOUSING,PNB Housing Finance Limited,NSE
PNC,PNC Media and Entertainment Limited,NSE
PNCINFRA,PNC Infratech Limited,NSE
PNGJL,P N Gadgil Jewellers Limited,NSE
PNGSREVA,PNGS Reva Diamond Jewellery Limited,NSE
PNTKYOR.BO,PENTOKEY ORGANY (INDIA) LTD.,BSE
POCL,Pondy Oxides & Chemicals Limited,NSE
PODDARMENT,Poddar Pigments Limited,NSE
POEL,POCL Enterprises Limited,NSE
POKARNA,Pokarna Limited,NSE
POLICYBZR,PB Fintech Limited,NSE
POLSON.BO,POLSON LTD.,BSE
POLYCAB,Polycab India Limited,NSE
POLYCHEM.BO,POLYCHEM LTD.,BSE
POLYCHMP.BO,POLYMECHPLAST MACHINES LTD.,BSE
POLYCON.BO,POLYCON INTERNATIONAL LTD.,BSE
POLYLINK.BO,POLYLINK POLYMERS (INDIA) LTD.,BSE
POLYMED,Poly Medicure Limited,NSE
POLYPLEX,Polyplex Corporation Limited,NSE
POLYSPIN,Polyspin Exports Limited,NSE
POLYTEX.BO,POLYTEX INDIA LTD.,BSE
PONNIERODE,Ponni Sugars (Erode) Limited,NSE
POOJA.BO,Poojawestern Metaliks Limited,BSE
POOJAENT.BO,VASHU BHAGNANI INDUSTRIES LIMI,BSE
POONADAL.BO,POONA DAL & OIL INDUSTRIES LTD,BSE
POONAWALLA,Poonawalla Fincorp Limited,NSE
PORWAL.BO,PORWAL AUTO COMPONENTS LTD.,BSE
POWERGRID,Power Grid Corporation of India Limited,NSE
POWERICA,Powerica Limited,NSE
POWERINDIA,Hitachi Energy India Limited,NSE
POWERMECH,Power Mech Projects Limited,NSE
PPAP,PPAP Automotive Limited,NSE
PPL,Prakash Pipes Limited,NSE
PPLPHARMA,Piramal Pharma Limited,NSE
PQIF.BO,Polo Queen Industrial and Fint,BSE
PRABHA,Prabha Energy Limited,NSE
PRABHHANS.BO,PRABHHANS INDUSTRIES LIMITED,BSE
PRADPME,Pradeep Metals Limited,NSE
PRAENG,Prajay Engineers Syndicate Limited,NSE
PRAGBOS.BO,PRAG BOSIMI SYNTHETICS LTD.,BSE
PRAJIND,Praj Industries Limited,NSE
PRAKASH,Prakash Industries Limited,NSE
PRAKASHSTL,Prakash Steelage Limited,NSE
PRANAV,Pranav Constructions Limited,NSE
PRASOLCHEM,Prasol Chemicals Limited,NSE
PRATIK.BO,PRATIK PANELS LTD.,BSE
PRAVEG,Praveg Limited,NSE
PRAXIS,Praxis Home Retail Limited,NSE
PRECAM,Precision Camshafts Limited,NSE
PRECISIO.BO,PRECISION ELECTRONICS LTD.,BSE
PRECOT,Precot Limited,NSE
PRECWIRE,Precision Wires India Limited,NSE
PREMCAP.BO,PREMIER CAPITAL SERVICES LTD.,BSE
PREMCAPM.BO,PREMIUM CAPITAL MARKET & INVES,BSE
PREMCO,Premco Global Limited,NSE
PREMEXPLN,Premier Explosives Limited,NSE
PREMIER,Premier Limited,NSE
PREMIERENE,Premier Energies Limited,NSE
PREMIERPOL,Premier Polyfilm Limited,NSE
PREMSYN.BO,PREMIER SYNTHETICS LTD.,BSE
PRERINFRA.BO,PRERNA INFRABUILD LTD.,BSE
PRESTIGE,Prestige Estates Projects Limited,NSE
PRICOLLTD,Pricol Limited,NSE
PRIMAGR.BO,PRIMA AGRO LTD.,BSE
PRIMAIN.BO,PRIMA INDUSTRIES LTD.,BSE
PRIMAINNO.BO,Prima Innovation Limited,BSE
PRIMAPLA.BO,PRIMA PLASTICS LTD.,BSE
PRIMECAPM.BO,PRIME CAPITAL MARKET LTD.,BSE
PRIMEFRESH.BO,PRIME FRESH LIMITED,BSE
PRIMEPRO.BO,PRIME PROPERTY DEVELOPMENT COR,BSE
PRIMESECU,Prime Securities Limited,NSE
PRIMEURB.BO,PRIME URBAN DEVELOPMENT INDIA,BSE
PRIMIND.BO,PRIME INDUSTRIES LTD.,BSE
PRIMO,Primo Chemicals Limited,NSE
PRINCEPIPE,Prince Pipes And Fittings Limited,NSE
PRIORITY,Priority Jewels Limited,NSE
PRISMMEDI.BO,PRISM MEDICO AND PHARMACY LTD.,BSE
PRISMX,Prismx Global Ventures Limited,NSE
PRITHVIEXCH.BO,Prithvi Exchange (India) Limit,BSE
PRITI,Priti International Limited,NSE
PRITIKAUTO,Pritika Auto Industries Limited,NSE
PRIVISCL,Privi Speciality Chemicals Limited,NSE
PRIYALT.BO,PRIYA LTD.,BSE
PROCLB.BO,PRO CLB GLOBAL LIMITED,BSE
PROFINC.BO,PRO FIN CAPITAL SERVICES LTD.,BSE
PROGREXV.BO,PROGREX VENTURES LIMITED,BSE
PROMACT.BO,Promact Plastics Limited,BSE
PROSTARM,Prostarm Info Systems Limited,NSE
PROTEAN,Protean eGov Technologies Limited,NSE
PROZONER,Prozone Realty Limited,NSE
PRSMJOHNSN,Prism Johnson Limited,NSE
PRSNTIN.BO,PRASHANT INDIA LTD.,BSE
PRUDENT,Prudent Corporate Advisory Services Limited,NSE
PRUDMOULI,Prudential Sugar Corporation Limited,NSE
PSB,Punjab & Sind Bank,NSE
PSITINFRA.BO,PS IT INFRASTRUCTURE & SERVICE,BSE
PSPPROJECT,PSP Projects Limited,NSE
PSUBANK,KOTAK NIFTY PSU BANK ETF,NSE
PSUBANKADD,DSP MUTUAL FUND - DSP NIFTY PSU BANK ETF,NSE
PSUBNKBEES,NIPPON INDIA ETF NIFTY PSU BANK BEES,NSE
PSUBNKIETF,ICICI PRUDENTIAL MUTUAL FUND - ICICI PRUDENTIAL NIFTY PSU BANK ETF,NSE
PTC,PTC India Limited,NSE
PTCIL,PTC Industries Limited,NSE
PTL,PTL Enterprises Limited,NSE
PULSRIN.BO,PULSAR INTERNATIONAL LTD.,BSE
PUNJABCHEM,Punjab Chemicals & Crop Protection Limited,NSE
PUNJCOMMU.BO,PUNJAB COMMUNICATIONS LTD.,BSE
PURETROP.BO,PURETROP FRUITS LIMITED,BSE
PURPLE.BO,PURPLE AGROTECH INDUSTRIES LIM,BSE
PURPLEFIN.BO,Purple Finance Limited,BSE
PURSHOTTAM.BO,PURSHOTTAM INVESTOFIN LTD,BSE
PURVA,Puravankara Limited,NSE
PVP,PVP Ventures Limited,NSE
PVRINOX,PVR INOX Limited,NSE
PVSL,Popular Vehicles and Services Limited,NSE
PVTBANIETF,ICICI PRUDENTIAL NIFTY PRIVATE BANK ETF - NIFTY PRIVATE BANK INDEX,NSE
PVTBANK,KOTAK MAHINDRA MUTUAL FUND - KOTAK NIFTY PRIVATE BANK ETF,NSE
PVTBANKADD,DSP MUTUAL FUND - DSP NIFTY PRIVATE BANK ETF,NSE
PVTBKGROWW,GROWW MUTUAL FUND - GROWW NIFTY PRIVATE BANK ETF,NSE
PVVINFRA.BO,PVV Infra Limited,BSE
PWASML.BO,Prakash Woollen & Synthetic Mi,BSE
PWL,Physicswallah Limited,NSE
PYRAMID,Pyramid Technoplast Limited,NSE
QGO.BO,QGO FINANCE LIMITED,BSE
QGOLDHALF,QUANTUM GOLD ETF,NSE
QMSMEDI,QMS Medical Allied Services Limited,NSE
QNIFTY,QUANTUM NIFTY 50 ETF,NSE
QPOWER,Quality Power Electrical Equipments Limited,NSE
QUADFUTURE,Quadrant Future Tek Limited,NSE
QUADRANT.BO,QUADRANT TELEVENTURES LIMITED,BSE
QUAL30IETF,ICICI PRUDENTIAL MF - ICICI PRUDENTIAL NIFTY 200 QUALITY 30 ETF,NSE
QUALITY30,KOTAK MAHINDRA MUTUAL FUND - KOTAK NIFTY200 QUALITY 30 ETF,NSE
QUANTDIA.BO,QUANTUM DIGITAL VISION (INDIA),BSE
QUESS,Quess Corp Limited,NSE
QUESTCAP.BO,QUEST CAPITAL MARKETS LIMITED,BSE
QUICKHEAL,Quick Heal Technologies Limited,NSE
QUINT,Quint Digital Limited,NSE
QUINTEGRA,Quintegra Solutions Limited,NSE
RAAJMEDI.BO,RAAJ MEDISAFE INDIA LTD.,BSE
RAAMA.BO,RAAMA FINANCE LIMITED,BSE
RACE,Race Eco Chain Limited,NSE
RACLGEAR,RACL Geartech Limited,NSE
RADAAN,Radaan Mediaworks India Limited,NSE
RADHEDE.BO,RADHE DEVELOPERS (INDIA) LTD.,BSE
RADHIKAJWE,Radhika Jeweltech Limited,NSE
RADIANTCMS,Radiant Cash Management Services Limited,NSE
RADICO,Radico Khaitan Limited,NSE
RADIOCITY,Music Broadcast Limited,NSE
RADIXIND.BO,RADIX INDUSTRIES (INDIA) LIMIT,BSE
RAGHUNAT.BO,RAGHUNATH INTERNATIONAL LTD.,BSE
RAGHUSYN.BO,RAGHUVIR SYNTHETICS LTD.,BSE
RAGHUTOB.BO,RAGHUNATH TOBACCO CO.LTD.,BSE
RAILTEL,Railtel Corporation Of India Limited,NSE
RAIN,Rain Industries Limited,NSE
RAINBOW,Rainbow Childrens Medicare Limited,NSE
RAINBOWF.BO,RAINBOW FOUNDATIONS LTD.,BSE
RAJKOTINV.BO,Rajkot Investment Trust Limite,BSE
RAJKSYN.BO,RAJKAMAL SYNTHETICS LTD.,BSE
RAJMET,Rajnandini Metal Limited,NSE
RAJNISH.BO,Rajnish Wellness Limited,BSE
RAJOOENG,Rajoo Engineers Limited,NSE
RAJPACK.BO,RAJ PACKAGING INDUSTRIES LTD.,BSE
RAJPALAYAM,Rajapalayam Mills Limited,NSE
RAJPUTANA.BO,Rajputana Investment and Finan,BSE
RAJRATAN,Rajratan Global Wire Limited,NSE
RAJRILTD,Raj Rayon Industries Limited,NSE
RAJSEC.BO,RAJASTHAN SECURITIES LIMITED,BSE
RAJSREESUG,Rajshree Sugars & Chemicals Limited,NSE
RAJTUBE.BO,RAJASTHAN TUBE MANUFACTURING C,BSE
RAJTV,Raj Television Network Limited,NSE
RALEGRA.BO,RAVILEELA GRANITES LTD.,BSE
RALLIS,Rallis India Limited,NSE
RAMANEWS,Shree Rama Newsprint Limited,NSE
RAMAPETRO.BO,RAMA PETROCHEMICALS LTD.,BSE
RAMAPHO,Rama Phosphates Limited,NSE
RAMAPPR-B.BO,RAMA PAPER MILLS LTD.,BSE
RAMASTEEL,Rama Steel Tubes Limited,NSE
RAMAVISION.BO,RAMA VISION LTD.,BSE
RAMBHAJO,Advit Jewels Limited,NSE
RAMCOCEM,The Ramco Cements Limited,NSE
RAMCOIND,Ramco Industries Limited,NSE
RAMCOSYS,Ramco Systems Limited,NSE
RAMGOPOLY.BO,RAMGOPAL POLYTEX LTD.,BSE
RAMINFO.BO,RAMINFO LIMITED,BSE
RAMKY,Ramky Infrastructure Limited,NSE
RAMRAT,Ram Ratna Wires Limited,NSE
RAMSONS.BO,RAMSONS PROJECTS LTD.,BSE
RANASUG,Rana Sugars Limited,NSE
RANDER.BO,RANDER CORPORATION LTD.,BSE
RANEHOLDIN,Rane Holdings Limited,NSE
RANJITSE.BO,RANJIT SECURITIES LTD.,BSE
RAP.BO,RAP CORP LIMITED,BSE
RAPICUT.BO,RAPICUT CARBIDES LTD.,BSE
RAPIDIN.BO,RAPID INVESTMENTS LTD.,BSE
RASANDIK.BO,RASANDIK ENGINEERING INDUSTRIE,BSE
RASIELEC.BO,RASI ELECTRODES LTD.,BSE
RASRESOR.BO,RAS RESORTS & APART HOTELS LTD,BSE
RASSIREF.BO,RAASI REFRACTORIES LTD.,BSE
RATEGAIN,Rategain Travel Technologies Limited,NSE
RATHIBAR.BO,RATHI BARS LTD.,BSE
RATHIST.BO,RATHI STEEL & POWER LTD.,BSE
RATNABHUMI.BO,Ratnabhumi Developers Limited,BSE
RATNAMANI,Ratnamani Metals & Tubes Limited,NSE
RATNAVEER,Ratnaveer Precision Engineering Limited,NSE
RAUNAQ.BO,RAUNAQ INTERNATIONAL LIMITED,BSE
RAVALSUGAR.BO,The Ravalgaon Sugar Farm Limit,BSE
RAWEDGE.BO,Raw Edge Industrial Solutions,BSE
RAYALEMA.BO,ROYALE MANOR HOTELS & INDUSTRI,BSE
RAYMOND,Raymond Limited,NSE
RAYMONDLSL,Raymond Lifestyle Limited,NSE
RAYMONDREL,Raymond Realty Limited,NSE
RBA,Restaurant Brands Asia Limited,NSE
RBLBANK,RBL Bank Limited,NSE
RBZJEWEL,RBZ Jewellers Limited,NSE
RCCL.BO,Rajasthan Cylinders & Containe,BSE
RCF,Rashtriya Chemicals and Fertilizers Limited,NSE
RCL.BO,Radhagobind Commercial Limited,BSE
RCOM,Reliance Communications Limited,NSE
RDBIPL.BO,RDB INFRASTRUCTURE AND POWER L,BSE
RDBRL.BO,RDB RASAYANS LTD.,BSE
REALECO.BO,REAL ECO-ENERGY LIMITED,BSE
RECLTD,REC Limited,NSE
REDINGTON,Redington Limited,NSE
REDTAPE,Redtape Limited,NSE
REFEX,Refex Industries Limited,NSE
REFEXRENEW.BO,Refex Renewables & Infrastruct,BSE
REGAAL,Regaal Resources Limited,NSE
REGAL.BO,REGAL ENTERTAINMENT & CONSULTA,BSE
REGANTO.BO,REGANTO ENTERPRISES LIMITED,BSE
REGENCERAM,Regency Ceramics Limited,NSE
REGENCY.BO,REGENCY FINCORP LIMITED,BSE
REGENTRP.BO,Regent Enterprises Limited,BSE
REGIS.BO,REGIS INDUSTRIES LIMITED,BSE
RELAXO,Relaxo Footwears Limited,NSE
RELCHEMQ,Reliance Chemotex Industries Limited,NSE
RELIABLE,Reliable Data Services Limited,NSE
RELIABVEN.BO,RELIABLE VENTURES INDIA LTD.,BSE
RELIANCE,Reliance Industries Limited,NSE
RELICAB.BO,Relicab Cable Manufacturing Li,BSE
RELICTEC.BO,RELIC TECHNOLOGIES LTD.,BSE
RELIGARE,Religare Enterprises Limited,NSE
RELINFRA,Reliance Infrastructure Limited,NSE
RELTD,Ravindra Energy Limited,NSE
REMAGNET.BO,MIDWEST ENERGY LIMITED,BSE
REMIEDEL.BO,REMI EDELSTAHL TUBULARS LIMITE,BSE
REMSONSIND,Remsons Industries Limited,NSE
RENTOMOJO,Rentomojo Limited,NSE
RENUKA,Shree Renuka Sugars Limited,NSE
REPCOHOME,Repco Home Finance Limited,NSE
REPL,Rudrabhishek Enterprises Limited,NSE
REPRO,Repro India Limited,NSE
RESONANCE.BO,RESONANCE SPECIALTIES LTD.,BSE
RESPONIND,Responsive Industries Limited,NSE
RESPONSINF.BO,RESPONSE INFORMATICS LTD,BSE
RESTILE.BO,RESTILE CERAMICS LTD.,BSE
RETAIL,JHS Svendgaard Retail Ventures Limited,NSE
REXNORD.BO,REXNORD ELECTRONICS & CONTROLS,BSE
RFL.BO,RUPAREL FOOD PRODUCTS LIMITED,BSE
RFLL.BO,RITA FINANCE AND LEASING LIMIT,BSE
RFSL.BO,Richfield Financial Services L,BSE
RGF.BO,RGF Capital Markets Limited,BSE
RGIL.BO,Rotographics (India) Limited,BSE
RGL,Renaissance Global Limited,NSE
RGRL.BO,Retro Green Revolution Limited,BSE
RHETAN,Rhetan TMT Limited,NSE
RHIM,RHI MAGNESITA INDIA LIMITED,NSE
RHL,Robust Hotels Limited,NSE
RIBATEX.BO,RIBA TEXTILES LTD.,BSE
RICHUNV.BO,RICH UNIVERSE NETWORK LTD.,BSE
RICOAUTO,Rico Auto Industries Limited,NSE
RIDDHI.BO,RIDDHI SIDDHI GLUCO BIOLS LTD.,BSE
RIDDHICORP.BO,Riddhi Corporate Services Limi,BSE
RIIL,Reliance Industrial Infrastructure Limited,NSE
RIR,RIR Power Electronics Limited,NSE
RISAINTL.BO,RISA INTERNATIONAL LTD.,BSE
RISHABH,Rishabh Instruments Limited,NSE
RISHDIGA.BO,RISHABH DIGHA STEEL & ALLIED P,BSE
RISHILASE.BO,RISHI LASER LTD.,BSE
RISHIROOP.BO,Rishiroop Limited,BSE
RISHITECH.BO,RISHI TECHTEX LTD.,BSE
RITCO,Ritco Logistics Limited,NSE
RITES,RITES Limited,NSE
RITESHIN.BO,RITESH INTERNATIONAL LTD.,BSE
RKDAGRRTL.BO,RKD AGRI AND RETAIL LIMITED,BSE
RKDL,Ravi Kumar Distilleries Limited,NSE
RKEC,RKEC Projects Limited,NSE
RKFORGE,Ramkrishna Forgings Limited,NSE
RKSWAMY,R K Swamy Limited,NSE
RLF.BO,RLF LTD.,BSE
RMC,RMC Switchgears Limited,NSE
RMDRIP,R M Drip and Sprinklers Systems Limited,NSE
RML,Rane (Madras) Limited,NSE
RNBDENIMS,R&B Denims Limited,NSE
RNITAI.BO,RNIT AI SOLUTIONS LIMITED,BSE
RODIUM.BO,RODIUM REALTY LIMITED,BSE
ROHLTD,Royal Orchid Hotels Limited,NSE
ROJL.BO,RO Jewels Limited,BSE
ROLEXRINGS,Rolex Rings Limited,NSE
ROLLT,Rollatainers Limited,NSE
ROML,Raj Oil Mills Limited,NSE
ROOPAIND.BO,ROOPA INDUSTRIES LTD.,BSE
ROSELABS.BO,ROSELABS FINANCE LTD.,BSE
ROSEMER.BO,ROSE MERC.LTD.,BSE
ROSSARI,Rossari Biotech Limited,NSE
ROSSELLIND,Rossell India Limited,NSE
ROSSTECH,Rossell Techsys Limited,NSE
ROTO,Roto Pumps Limited,NSE
ROUTE,ROUTE MOBILE LIMITED,NSE
ROYALCU.BO,ROYAL CUSHION VINYL PRODUCTS L,BSE
ROYALIND.BO,ROYAL INDIA CORPORATION LIMITE,BSE
RPEL,Raghav Productivity Enhancers Limited,NSE
RPGLIFE,RPG Life Sciences Limited,NSE
RPOWER,Reliance Power Limited,NSE
RPPINFRA,R.P.P. Infra Projects Limited,NSE
RPPL,Rajshree Polypack Limited,NSE
RPSGVENT,RPSG VENTURES LIMITED,NSE
RPTECH,Rashi Peripherals Limited,NSE
RRECL,RDB Real Estate Constructions Limited,NSE
RRETAIL.BO,RAJNISH RETAIL LIMITED,BSE
RRFIN.BO,RR FINANCIAL CONSULTANTS LTD.,BSE
RRIL,RRIL Limited,NSE
RRKABEL,R R Kabel Limited,NSE
RRMETAL.BO,RR METALMAKERS INDIA LIMITED,BSE
RRP.BO,RRP SEMICONDUCTOR LIMITED,BSE
RRPDEFENSE.BO,RRP DEFENSE LIMITED,BSE
RSCINT.BO,RSC INTERNATIONAL LTD.,BSE
RSDFIN,RSD Finance Limited,NSE
RSL,Rajputana Stainless Limited,NSE
RSSOFTWARE,R. S. Software (India) Limited,NSE
RSWM,RSWM Limited,NSE
RSYSTEMS,R Systems International Limited,NSE
RTFL.BO,Real Touch Finance Limited,BSE
RTNINDIA,RattanIndia Enterprises Limited,NSE
RTNPOWER,RattanIndia Power Limited,NSE
RTSPOWR,RTS Power Corporation Limited,NSE
RUBFILA,Rubfila International Limited,NSE
RUBICON,Rubicon Research Limited,NSE
RUBYMILLS,The Ruby Mills Limited,NSE
RUCHINFRA,Ruchi Infrastructure Limited,NSE
RUCHIRA,Ruchira Papers Limited,NSE
RUDRA,Rudra Global Infra Products Limited,NSE
RUDRAECO.BO,RUDRA ECOVATION LIMITED,BSE
RUNGTAIR.BO,RUNGTA IRRIGATION LTD.,BSE
RUNWALENTR,Runwal Enterprises Limited,NSE
RUPA,Rupa & Company Limited,NSE
RUSHIL,Rushil Decor Limited,NSE
RUSTOMJEE,Keystone Realtors Limited,NSE
RVHL,Ravinder Heights Limited,NSE
RVNL,Rail Vikas Nigam Limited,NSE
RVTH,Revathi Equipment India Limited,NSE
S&SPOWER,S&S Power Switchgears Limited,NSE
SAATVIKGL,Saatvik Green Energy Limited,NSE
SAB,SAB Industries Limited,NSE
SABOOSOD.BO,SABOO SODIUM CHLORO LTD.,BSE
SACHEMT.BO,SACHETA METALS LTD.,BSE
SADBHAV,Sadbhav Engineering Limited,NSE
SADBHIN,Sadbhav Infrastructure Project Limited,NSE
SADHNANIQ,Sadhana Nitrochem Limited,NSE
SAFARI,Safari Industries (India) Limited,NSE
SAFFRON.BO,SAFFRON INDUSTRIES LIMITED,BSE
SAGARDEEP,Sagardeep Alloys Limited,NSE
SAGARSOFT.BO,Sagarsoft (India) Limited,BSE
SAGCEM,Sagar Cements Limited,NSE
SAGILITY,SAGILITY LIMITED,NSE
SAHARAHOUS.BO,SAHARA HOUSINGFINA CORPORATION,BSE
SAHLIBHFI,Shalibhadra Finance Limited,NSE
SAHYADRI,Sahyadri Industries Limited,NSE
SAICAPI,Sai Capital Limited,NSE
SAICOM.BO,SAIANAND COMMERCIAL LIMITED,BSE
SAIL,Steel Authority of India Limited,NSE
SAILIFE,Sai Life Sciences Limited,NSE
SAINIK.BO,SAINIK FINANCE & INDUSTRIES LT,BSE
SAIPARENT,Sai Parenterals Limited,NSE
SAKAR,Sakar Healthcare Limited,NSE
SAKHTISUG,Sakthi Sugars Limited,NSE
SAKSOFT,Saksoft Limited,NSE
SAKTHIFIN.BO,SAKTHI FINANCE LTD.,BSE
SAKUMA,Sakuma Exports Limited,NSE
SALASAR,Salasar Techno Engineering Limited,NSE
SALAUTO.BO,SAL AUTOMOTIVE LIMITED,BSE
SALEM.BO,Salem Erode Investments Ltd.,BSE
SALGUTI.BO,SALGUTI INDUSTRIES LTD.,BSE
SALONA,Salona Cotspin Limited,NSE
SALORAINTL.BO,SALORA INTERNATIONAL LTD.,BSE
SALSAIN.BO,SHREE SALASAR INVESTMENT LTD.,BSE
SALSTEEL,S.A.L. Steel Limited,NSE
SALZERELEC,Salzer Electronics Limited,NSE
SAMBANDAM,Sambandam Spinning Mills Limited,NSE
SAMBHAAV,Sambhaav Media Limited,NSE
SAMBHV,Sambhv Steel Tubes Limited,NSE
SAMHI,Samhi Hotels Limited,NSE
SAMINDUS.BO,SAM INDUSTRIES LTD.,BSE
SAMKRG.BO,SAMKRG PISTONS & RINGS LTD.,BSE
SAMMAANCAP,Sammaan Capital Limited,NSE
SAMOR.BO,Samor Reality Limited,BSE
SAMPANN,Sampann Utpadan India Limited,NSE
SAMPRE.BO,SAMPRE NUTRITIONS LTD.,BSE
SAMRATFORG.BO,Samrat Forgings Limited,BSE
SAMRATPH.BO,SAMRAT PHARMACHEM LTD.,BSE
SAMSRITA.BO,SAMSRITA LABS LIMITED,BSE
SAMTELIN.BO,SAMTEL INDIA LTD.,BSE
SAMTEX.BO,SAMTEX FASHIONS LTD.,BSE
SAMYAKINT.BO,SAMYAK INTERNATIONAL LTD.,BSE
SANATHAN,Sanathan Textiles Limited,NSE
SANBLUE.BO,SANBLUE CORPORATION LTD.,BSE
SANCTRN.BO,SANCO TRANS LTD.,BSE
SANDESH,The Sandesh Limited,NSE
SANDHAR,Sandhar Technologies Limited,NSE
SANDUMA,Sandur Manganese & Iron Ores Limited,NSE
SANDUPHQ.BO,SANDU PHARMACEUTICALS LTD.,BSE
SANGAMFIN.BO,Sangam Finserv Limited,BSE
SANGAMIND,Sangam (India) Limited,NSE
SANGHVIMOV,Sanghvi Movers Limited,NSE
SANINFRA.BO,SANMIT INFRA LIMITED,BSE
SANJIVIN.BO,SANJIVANI PARANTERAL LTD.,BSE
SANOFI,Sanofi India Limited,NSE
SANOFICONR,Sanofi Consumer Healthcare India Limited,NSE
SANPA.BO,SANGAL PAPERS LTD.,BSE
SANSERA,Sansera Engineering Limited,NSE
SANSTAR,Sanstar Limited,NSE
SANTETX.BO,SANRHEA TECHNICAL TEXTILES LTD,BSE
SAPL.BO,Sar  Auto Products Limited,BSE
SAPPHIRE,Sapphire Foods India Limited,NSE
SAPPL,Shree Ajit Pulp & Paper Limited,NSE
SARDAEN,Sarda Energy & Minerals Limited,NSE
SAREGAMA,Saregama India Limited,NSE
SARLAPOLY,Sarla Performance Fibers Limited,NSE
SARTHAKGL.BO,SARTHAK GLOBAL LTD.,BSE
SARTHAKIND.BO,SARTHAK INDUSTRIES LTD.,BSE
SARUPINDUS.BO,SARUP INDUSTRIES LTD.,BSE
SARVESHWAR,Sarveshwar Foods Limited,NSE
SARVOTTAM.BO,Survottam Finvest Ltd.,BSE
SASKEN,Sasken Technologies Limited,NSE
SATANIBRG.BO,Satani Bearings Ltd.,BSE
SATCH.BO,SATCHMO HOLDINGS LIMITED,BSE
SATIA,Satia Industries Limited,NSE
SATIN,Satin Creditcare Network Limited,NSE
SAURASHCEM,Saurashtra Cement Limited,NSE
SAVERA.BO,SAVERA INDUSTRIES LTD.,BSE
SAWACA.BO,SAWACA ENTERPRISES LIMITED,BSE
SAYAJIHOTL,Sayaji Hotels Limited,NSE
SAYAJIIND,Sayaji Industries Limited,NSE
SBC,SBC Exports Limited,NSE
SBCL,Shivalik Bimetal Controls Limited,NSE
SBECSUG.BO,SBEC SUGAR LTD.,BSE
SBECSYS.BO,SBEC SYSTEMS (INDIA) LTD.,BSE
SBFC,SBFC Finance Limited,NSE
SBFL.BO,Shree Bhavya Fabrics Limited,BSE
SBGLP,Suratwwala Business Group Limited,NSE
SBIBPB,SBI MUTUAL FUND - SBI BSE PSU BANK ETF,NSE
SBICARD,SBI Cards and Payment Services Limited,NSE
SBIETFCON,SBI MUTUAL FUND - SBI ETF CONSUMPTION,NSE
SBIETFIT,SBI MUTUAL FUND-SBI ETF IT,NSE
SBIETFPB,SBI MUTUAL FUND - SBI ETF PRIVATE BANK - SBI ETF PRIVATE BANK,NSE
SBIETFQLTY,SBI MUTUAL FUND - SBI - ETF QUALITY - SBI-ETF QUALITY,NSE
SBIFUNDS,SBI Funds Management Limited,NSE
SBILIFE,SBI Life Insurance Company Limited,NSE
SBILIQETF,SBI MUTUAL FUND - SBI NIFTY 1D RATE LIQUID ETF - GROWTH,NSE
SBIMIDMOM,SBI NIFTY MIDCAP150 MOMENTUM 50 ETF,NSE
SBIN,State Bank of India,NSE
SBINEQWETF,SBI MUTUAL FUND - SBI NIFTY50 EQUAL WEIGHT ETF,NSE
SBINMID150,SBI MUTUAL FUND - SBI NIFTY MIDCAP 150 ETF,NSE
SBISILVER,SBI MUTUAL FUND - SBI SILVER ETF,NSE
SBISMLETF,SBI MUTUAL FUND - SBI NIFTY SMALLCAP 250 ETF,NSE
SBIVALETF,SBI MUTUAL FUND - SBI NIFTY200 VALUE 30 ETF,NSE
SBL.BO,SHIVAMSHREE BUSINESSES LIMITED,BSE
SCAGRO.BO,SC Agrotech Limited,BSE
SCANPRO.BO,SCAN PROJECTS LTD.,BSE
SCANSTL,Scan Steels Limited,NSE
SCBL.BO,Saptak Chem And Business Limit,BSE
SCC.BO,Scintilla Commercial & Credit,BSE
SCHAEFFLER,Schaeffler India Limited,NSE
SCHAND,S Chand And Company Limited,NSE
SCHNEIDER,Schneider Electric Infrastructure Limited,NSE
SCI,Shipping Corporation Of India Limited,NSE
SCILAL,Shipping Corporation of India Land and Assets Limited,NSE
SCODATUBES,Scoda Tubes Limited,NSE
SCOOBEEDAY.BO,SCOOBEE DAY GARMENTS (INDIA) L,BSE
SCPL,Sheetal Cool Products Limited,NSE
SCTL.BO,Suncare Traders Limited,BSE
SDBL,Som Distilleries & Breweries Limited,NSE
SDL.BO,Span Divergent Limited,BSE
SEAMECLTD,Seamec Limited,NSE
SEATV.BO,SEA TV NETWORK LTD.,BSE
SECLEDBETA,UTI MUTUAL FUND - UTI BSE INDIA SECTOR LEADERS EXCHANGE TRADED FUND,NSE
SECMARK,SecMark Consultancy Limited,NSE
SECURKLOUD,SECUREKLOUD TECHNOLOGIES LIMITED,NSE
SEDEMAC,SEDEMAC Mechatronics Limited,NSE
SEIL,Shanti Educational Initiatives Limited,NSE
SEJALLTD,Sejal Glass Limited,NSE
SEKURITIND,Saint Gobain Sekurit India Limited,NSE
SEL.BO,SANATHNAGAR ENTERPRISES LIMITE,BSE
SELECTIPO,MIRAE ASSET MUTUAL FUND - MIRAE ASSET BSE SELECT IPO ETF,NSE
SELECTRIC.BO,Schneider Electric President S,BSE
SELMC,SEL Manufacturing Company Limited,NSE
SEMAC,Semac Construction Limited,NSE
SENCO,Senco Gold Limited,NSE
SENINFO.BO,SENTHIL INFOTEK LTD,BSE
SENORES,Senores Pharmaceuticals Limited,NSE
SENSEXADD,DSP BSE SENSEX ETF,NSE
SENSEXAXIS,AXIS BSE SENSEX ETF,NSE
SENSEXBETA,UTI BSE SENSEX ETF,NSE
SENSEXETF,MIRAE ASSET MUTUAL FUND - MIRAE ASSET S&P BSE SENSEX ETF,NSE
SENSEXIETF,ICICI PRUDENTIAL BSE SENSEX ETF,NSE
SEPC,SEPC Limited,NSE
SERA.BO,SERA INVESTMENTS & FINANCE IND,BSE
SERVOTECH,Servotech Renewable Power System Limited,NSE
SESHACHAL.BO,SESHACHAL TECHNOLOGIES LTD.,BSE
SESHAPAPER,Seshasayee Paper and Boards Limited,NSE
SETCO,Setco Automotive Limited,NSE
SETF10GILT,SBI MUTUAL FUND - SBI-ETF 10 YEAR GILT,NSE
SETFGOLD,SBI-ETF GOLD,NSE
SETFNIF50,SBI-ETF NIFTY 50,NSE
SETFNIFBK,SBI-ETF NIFTY BANK,NSE
SETFNN50,SBI-ETF NIFTY NEXT 50,NSE
SETL,Standard Engineering Technology Limited,NSE
SEYAIND,Seya Industries Limited,NSE
SFL,Sheela Foam Limited,NSE
SFPIL.BO,SQUARE FOUR PROJECTS INDIA LIM,BSE
SGFIN,SG Finserve Limited,NSE
SGIL,Synergy Green Industries Limited,NSE
SGL,STL Global Limited,NSE
SGLRES,SGL Resources Limited,NSE
SGMART,SG Mart Limited,NSE
SGNTE.BO,SGN TELECOMS LTD.,BSE
SGRL,Shree Ganesh Remedies Limited,NSE
SHADOWFAX,Shadowfax Technologies Limited,NSE
SHAH,Shah Metacorp Limited,NSE
SHAHALLOYS,Shah Alloys Limited,NSE
SHAHFOOD.BO,SHAH FOODS LTD.,BSE
SHAHINVEST,SHAH INVESTOR'S HOME LIMITED,NSE
SHAHISHIP.BO,Shahi Shipping Limited,BSE
SHAHLON.BO,Shahlon Silk Industries Limite,BSE
SHAILY,Shaily Engineering Plastics Limited,NSE
SHAKTIPR.BO,SHAKTI PRESS LTD.,BSE
SHAKTIPUMP,Shakti Pumps (India) Limited,NSE
SHALBY,Shalby Limited,NSE
SHALIWIR.BO,SHALIMAR WIRES INDUSTRIES LTD.,BSE
SHALPAINTS,Shalimar Paints Limited,NSE
SHALPRO.BO,SHALIMAR PRODUCTIONS LTD.,BSE
SHAMROIN.BO,SHAMROCK INDUSTRIAL CO.LTD.,BSE
SHANGAR.BO,SHANGAR DECOR LIMITED,BSE
SHANKARA,Shankara Building Products Limited,NSE
SHANKESH,Shankesh Jewellers Limited,NSE
SHANTAI.BO,Shantai Industries Limited,BSE
SHANTI,Shanti Overseas (India) Limited,NSE
SHANTIGEAR,Shanthi Gears Limited,NSE
SHANTIGOLD,Shanti Gold International Limited,NSE
SHAQUAK.BO,SHANTANU SHEOREY AQUAKULT LTD.,BSE
SHARDACROP,Sharda Cropchem Limited,NSE
SHARDAMOTR,Sharda Motor Industries Limited,NSE
SHARDUL,Shardul Securities Limited,NSE
SHAREINDIA,Share India Securities Limited,NSE
SHARIABEES,NIPPON INDIA ETF NIFTY 50 SHARIAH BEES,NSE
SHARIKA.BO,SHARIKA ENTERPRISES LIMITED,BSE
SHARMEH.BO,SHARMA EAST INDIA HOSPITALS &,BSE
SHARPINV.BO,SHARP INVESTMENTS LTD,BSE
SHARPLINE.BO,SHARPLINE BROADCAST LIMITED,BSE
SHASHIJIT.BO,Shashijit Infraprojects Limite,BSE
SHAWGELTIN.BO,NARMADA GELATINES LTD.,BSE
SHBAJRG,Shri Bajrang Alliance Limited,NSE
SHEKHAWATI,Shekhawati Industries Limited,NSE
SHEMAROO,Shemaroo Entertainment Limited,NSE
SHERVANI,Shervani Industrial Syndicate Limited,NSE
SHESHAINDS.BO,SHESHADRI INDUSTRIES LIMITED,BSE
SHETR.BO,SHETRON LTD.,BSE
SHHARICH.BO,SHREE HARI CHEMICALS EXPORT LT,BSE
SHIKHAR.BO,SHIKHAR CONSULTANTS LTD.,BSE
SHILCTECH,Shilchar Technologies Limited,NSE
SHILGRAVQ,Shilp Gravures Limited,NSE
SHILPAMED,Shilpa Medicare Limited,NSE
SHINDL,Sharat Industries Limited,NSE
SHIPROCKET,Shiprocket Limited,NSE
SHISHIND.BO,Shish Industries Limited,BSE
SHIVA.BO,Shivansh Finserv Limited,BSE
SHIVAAGRO,Shiva Global Agro Industries Limited,NSE
SHIVACEM,Shiva Cement Limited,NSE
SHIVAGR.BO,SHIVAGRICO IMPLEMENTS LTD.,BSE
SHIVALIK,Shivalik Rasayan Limited,NSE
SHIVAMAUTO,Shivam Autotech Limited,NSE
SHIVAMILLS,Shiva Mills Limited,NSE
SHIVATEX,Shiva Texyarn Limited,NSE
SHIVAUM,Shiv Aum Steels Limited,NSE
SHK,S H Kelkar and Company Limited,NSE
SHKARTP.BO,SHREE KARTHIK PAPERS LTD.,BSE
SHOPERSTOP,Shoppers Stop Limited,NSE
SHPLPUNE.BO,Sayaji Hotels (Pune) Limited,BSE
SHRAAITECH.BO,Shradha AI Technologies Limite,BSE
SHRADDHA,Shraddha Prime Projects Limited,NSE
SHRADHA,Shradha Realty Limited,NSE
SHRAJSYNQ.BO,SHREE RAJASTHAN SYNTEX LTD.,BSE
SHRDAIS.BO,SHARDA ISPAT LTD.,BSE
SHREDIGCEM,Shree Digvijay Cement Co.Ltd,NSE
SHREECEM,SHREE CEMENT LIMITED,NSE
SHREEGANES.BO,Shree Ganesh Biotech (India) L,BSE
SHREEJISPG,Shreeji Shipping Global Limited,NSE
SHREEPAC.BO,SHREE PACETRONIX LTD.,BSE
SHREEPUSHK,Shree Pushkar Chemicals & Fertilisers Limited,NSE
SHREERAMA,Shree Rama Multi-Tech Limited,NSE
SHREESEC.BO,Shree Securities Ltd.,BSE
SHREMETAL.BO,SHREE METALLOYS LTD.,BSE
SHREYANIND,Shreyans Industries Limited,NSE
SHREYASI.BO,SHREYAS INTERMEDIATES LTD.,BSE
SHRICON.BO,SHRICON INDUSTRIES LTD.,BSE
SHRIDINE.BO,SHRI DINESH MILLS LTD.,BSE
SHRIGANG.BO,SHRI GANG INDUSTRIES AND ALLIE,BSE
SHRIKRISH,Shri Krishna Devcon Limited,NSE
SHRINGARMS,Shringar House of Mangalsutra Limited,NSE
SHRINIWAS.BO,Shri Niwas Leasing and Finance,BSE
SHRIPISTON,SPR Auto Technologies Limited,NSE
SHRIRAMFIN,Shriram Finance Limited,NSE
SHRIRAMPPS,Shriram Properties Limited,NSE
SHRISTI.BO,SHRISTI INFRASTRUCTURE DEVELOP,BSE
SHRJAGP,Shri Jagdamba Polymers Limited,NSE
SHRMFGC.BO,SHREE MANUFACTURING CO.LTD.,BSE
SHRYDUS.BO,SHRYDUS INDUSTRIES LIMITED,BSE
SHUBHAM.BO,Shubham Polyspin Limited,BSE
SHUKRAPHAR,Shukra Pharmaceuticals Limited,NSE
SHVFL.BO,SHREEVATSAA FINANCE & LEASING,BSE
SHYAMCENT,Shyam Century Ferrous Limited,NSE
SHYAMMETL,Shyam Metalics and Energy Limited,NSE
SHYAMTEL,Shyam Telecom Limited,NSE
SHYMINV.BO,SHYAMKAMAL INVESTMENTS LTD.,BSE
SIBARAUT.BO,SIBAR AUTO PARTS LTD.,BSE
SICAGEN,Sicagen India Limited,NSE
SICALLOG,Sical Logistics Limited,NSE
SICAPIT.BO,SI CAPITAL & FINANCIAL SERVICE,BSE
SIDDHA.BO,SIDDHA VENTURES LTD.,BSE
SIEL,Superior Industrial Enterprises Limited,NSE
SIEMENS,Siemens Limited,NSE
SIGACHI,Sigachi Industries Limited,NSE
SIGIND,Signet Industries Limited,NSE
SIGMA,Sigma Solve Limited,NSE
SIGMAADV,SIGMA ADVANCED SYSTEMS LIMITED,NSE
SIGNATURE,Signatureglobal (India) Limited,NSE
SIGNPOST,Signpost India Limited,NSE
SIIL.BO,Sabrimala Industries India Lim,BSE
SIKA,Sika Interplant Systems Limited,NSE
SIKKO,Sikko Industries Limited,NSE
SIL,Standard Industries Limited,NSE
SILGO,Silgo Retail Limited,NSE
SILICON.BO,SILICON VALLEY INFOTECH LTD.,BSE
SILINV,SIL Investments Limited,NSE
SILVER,ADITYA BIRLA SUN LIFE MUTUAL FUND - ADITYA BIRLA SUN LIFE SILVER ETF,NSE
SILVER001,QUANT MUTUAL FUND - QUANT SILVER ETF,NSE
SILVER1,KOTAK MAHINDRA MUTUAL FUND - KOTAK SILVER ETF,NSE
SILVER360,360 ONE MUTUAL FUND - 360 ONE SILVER ETF,NSE
SILVERADD,DSP  MUTUAL FUND - DSP SILVER ETF,NSE
SILVERAG,MIRAE ASSET MUTUAL FUND - MIRAE ASSET SILVER ETF,NSE
SILVERAXIS,AXIS MUTUAL FUND - AXIS SILVER ETF,NSE
SILVERBEES,NIPPON INDIA MUTUAL FUND - NIPPON INDIA SILVER ETF,NSE
SILVERBETA,UTI MUTUAL FUND - UTI SILVER EXCHANGE TRADED FUND (UTI SILVER ETF),NSE
SILVERBND,BANDHAN MUTUAL FUND - BANDHAN SILVER ETF,NSE
SILVERCASE,ZERODHA FUND HOUSE - ZERODHA SILVER ETF,NSE
SILVERIETF,ICICI PRUDENTIAL MUTUAL FUND - ICICI PRUDENTIAL SILVER ETF,NSE
SILVERO.BO,SILVER OAK COMMERCIAL LTD.,BSE
SILVERTUC,Silver Touch Technologies Limited,NSE
SILVOAK.BO,SILVER OAK (INDIA) LTD.,BSE
SIMANDHAR.BO,SIMANDHAR IMPEX LIMITED,BSE
SIMMOND.BO,SIMMONDS MARSHALL LTD.,BSE
SIMPLEXCAS.BO,SIMPLEX CASTINGS LTD.,BSE
SIMPLEXINF,Simplex Infrastructures Limited,NSE
SIMPLXPAP.BO,SIMPLEX PAPERS LTD.,BSE
SIMPLXREA,Simplex Realty Limited,NSE
SIMRAN.BO,SIMRAN FARMS LTD.,BSE
SINCLAIR,Sinclairs Hotels Limited,NSE
SINDHUTRAD,Sindhu Trade Links Limited,NSE
SINGERIND,Singer India Limited,NSE
SINTERCOM,Sintercom India Limited,NSE
SIPL.BO,SHELTER INFRA PROJECTS LTD.,BSE
SIRCA,Sirca Paints India Limited,NSE
SIS,SIS LIMITED,NSE
SITAENT.BO,SITA ENTERPRISES LTD.,BSE
SIYSIL,Siyaram Silk Mills Limited,NSE
SIZEMASTER.BO,SIZEMASTERS TECHNOLOGY LIMITED,BSE
SJCORP.BO,SJ CORPORATION LTD.,BSE
SJS,S.J.S. Enterprises Limited,NSE
SJVN,SJVN Limited,NSE
SKCIL.BO,Shri Keshav Cements and Infra,BSE
SKFINDIA,SKF India Limited,NSE
SKFINDUS,SKF India (Industrial) Limited,NSE
SKILVEN.BO,SKYLINE VENTURES INDIA LIMITED,BSE
SKIPPER,Skipper Limited,NSE
SKMEGGPROD,SKM Egg Products Export (India) Limited,NSE
SKPMIL.BO,SHREE KRISHNA PAPER MILLS & IN,BSE
SKPSEC.BO,SKP SECURITIES LTD.,BSE
SKRABUL.BO,SHUKRA BULLIONS LTD.,BSE
SKYGOLD,SKY GOLD AND DIAMONDS LIMITED,NSE
SKYIND.BO,SKY INDUSTRIES LTD.,BSE
SKYLMILAR.BO,SKYLINE MILLARS LTD.,BSE
SKYWAYS,Skyways Air Services Limited,NSE
SLSTLQ.BO,SRI LAKSHMI SARASWATHI TEXTILE,BSE
SMAART.BO,SMAART TECH SERVICES LIMITED,BSE
SMALL250,MIRAE ASSET MUTUAL FUND - MIRAE ASSET NIFTY SMALLCAP 250 ETF,NSE
SMALLADD,DSP MUTUAL FUND - DSP NIFTY SMALLCAP 250 ETF,NSE
SMALLCAP,MIRAE ASSET MF-MIRAE ASSET NIFTY SMALLCAP 250 MOMENTUM QUALITY 100 ETF,NSE
SMALLGROWW,GROWW MUTUAL FUND - GROWW NIFTY SMALLCAP 250 MOMENTUM QUALITY 100 ETF,NSE
SMALLIETF,ICICI PRUDENTIAL MUTUAL FUND - ICICI PRUDENTIAL NIFTY SMALLCAP 250 ETF,NSE
SMARTFIN.BO,Smart Finsec Limited,BSE
SMARTLINK,Smartlink Holdings Limited,NSE
SMARTWORKS,Smartworks Coworking Spaces Limited,NSE
SMCGLOBAL,SMC Global Securities Limited,NSE
SMFIL.BO,SMITHS & FOUNDERS (INDIA) LIMI,BSE
SMGOLD.BO,S. M. Gold Limited,BSE
SML100CASE,ZERODHA FUND HOUSE - ZERODHA NIFTY SMALLCAP 100 ETF,NSE
SMLMAH,SML Mahindra Limited,NSE
SMLT,Sarthak Metals Limited,NSE
SMRUTHIORG.BO,Smruthi Organics Limited,BSE
SMSPHARMA,SMS Pharmaceuticals Limited,NSE
SMTEL.BO,SMT ENGINEERING LIMITED,BSE
SNIM.BO,Svarnim Trade Udyog Limited,BSE
SNL.BO,SNL BEARINGS LTD.,BSE
SNOWMAN,Snowman Logistics Limited,NSE
SNXT30BEES,NIPPON INDIA MUTUAL FUND - NIPPON INDIA BSE SENSEX NEXT 30 ETF,NSE
SNXT50BETA,UTI BSE SENSEX NEXT 50 ETF,NSE
SOBHA,Sobha Limited,NSE
SOBME.BO,SOBHAGYA MERCHANTILE LTD.,BSE
SOFCOM.BO,SOFCOM SYSTEMS LIMITED,BSE
SOFTRAKV.BO,SOFTRAK VENTURE INVESTMENT LTD,BSE
SOFTTECH,Softtech Engineers Limited,NSE
SOLARA,Solara Active Pharma Sciences Limited,NSE
SOLARINDS,Solar Industries India Limited,NSE
SOLARWORLD,Solarworld Energy Solutions Limited,NSE
SOLEX,Solex Energy Limited,NSE
SOLIDSTON.BO,SOLID STONE COMPANY LTD.,BSE
SOLIMAC.BO,SOLITAIRE MACHINE TOOLS LTD.,BSE
SOMANYCERA,Somany Ceramics Limited,NSE
SOMATEX,Soma Textiles & Industries Limited,NSE
SOMICONVEY,Somi Conveyor Beltings Limited,NSE
SONA,Sonaselection India Limited,NSE
SONACOMS,Sona BLW Precision Forgings Limited,NSE
SONAL,Sonal Mercantile Limited,NSE
SONALAD.BO,SONAL ADHESIVES LTD.,BSE
SONAMLTD,SONAM LIMITED,NSE
SONATSOFTW,Sonata Software Limited,NSE
SOTL,Savita Oil Technologies Limited,NSE
SOURCEIND.BO,SOURCE INDUSTRIES (INDIA) LTD.,BSE
SOURCENTRL.BO,SOURCE NATURAL FOODS & HERBAL,BSE
SOUTHBANK,The South Indian Bank Limited,NSE
SOUTHERNIN.BO,SOUTHERN INFOCONSULTANTS LIMIT,BSE
SOUTHMG.BO,SOUTHERN MAGNESIUM & CHEMICALS,BSE
SOUTHWEST,South West Pinnacle Exploration Limited,NSE
SOUTLAT.BO,SOUTHERN LATEX LTD.,BSE
SOVERDIA.BO,SOVEREIGN DIAMONDS LTD.,BSE
SPACEINCUBA.BO,Space Incubatrics Technologies,BSE
SPAL,S. P. Apparels Limited,NSE
SPANDANA,Spandana Sphoorty Financial Limited,NSE
SPAR.BO,SPARC ELECTREX LIMITED,BSE
SPARC,Sun Pharma Advanced Research Company Limited,NSE
SPARKLEGR.BO,SPARKLE GOLD ROCK LIMITED,BSE
SPCAPIT.BO,SP CAPITAL FINANCING LTD.,BSE
SPCENET,Spacenet Enterprises India Limited,NSE
SPECFOOD.BO,SPECTRUM FOODS LTD.,BSE
SPECIALITY,Speciality Restaurants Limited,NSE
SPECTRA.BO,SPECTRA INDUSTRIES LTD.,BSE
SPECTRUM,Spectrum Electrical Industries Limited,NSE
SPELS,SPEL Semiconductor Limited,NSE
SPENCERS,Spencer's Retail Limited,NSE
SPENTA.BO,SPENTA INTERNATIONAL LTD.,BSE
SPIC,Southern Petrochemicals Industries Corporation  Limited,NSE
SPICEISLIN.BO,SPICE ISLANDS INDUSTRIES LIMIT,BSE
SPICEJET.BO,SPICEJET LTD.,BSE
SPICELOUNG.BO,SPICE LOUNGE FOOD WORKS LIMITE,BSE
SPLIL,SPL Industries Limited,NSE
SPLPETRO,Supreme Petrochem Limited,NSE
SPMLINFRA,SPML Infra Limited,NSE
SPORTKING,Sportking India Limited,NSE
SPRAYKING.BO,Sprayking Limited,BSE
SPRIGHT.BO,SPRIGHT AGRO LIMITED,BSE
SPTRSHI.BO,SAPTARISHI AGRO INDUSTRIES LTD,BSE
SRAMSET.BO,SHRIRAM ASSET MANAGEMENT CO.LT,BSE
SRD,Shankar Lal Rampal Dye-Chem Limited,NSE
SREEL,Sreeleathers Limited,NSE
SRESTHA.BO,Srestha Finvest Limited,BSE
SRF,SRF Limited,NSE
SRGHFL,SRG Housing Finance Limited,NSE
SRHHYPOLTD,Sree Rayalaseema Hi-Strength Hypo Limited,NSE
SRICC.BO,Sri Chakra Cement Limited,BSE
SRIKPRIND,Sri KPR Industries Limited,NSE
SRINACHA.BO,SRI NACHAMMAI COTTON MILLS LTD,BSE
SRIT,SRIT INDIA LIMITED,NSE
SRM,SRM Contractors Limited,NSE
SRMCL.BO,SRI RAMAKRISHNA MILLS (COIMBAT,BSE
SRMENERGY.BO,SRM ENERGY LTD.,BSE
SRTL,Shree Ram Twistex Limited,NSE
SRUSTEELS.BO,SRU Steels Limited,BSE
SSDL,Saraswati Saree Depot Limited,NSE
SSPDL.BO,SSPDL LTD.,BSE
SSRETAIL,SS Retail Limited,NSE
SSWL,Steel Strips Wheels Limited,NSE
SSWRL.BO,SHREE STEEL WIRE ROPES LTD.,BSE
STALLION,Stallion India Fluorochemicals Limited,NSE
STANCAP.BO,STANDARD CAPITAL MARKETS LTD.,BSE
STANLEY,Stanley Lifestyles Limited,NSE
STANPACK.BO,STANPACKS (INDIA) LTD.,BSE
STANROS.BO,STANROSE MAFATLAL INVESTMENTS,BSE
STAR,Strides Pharma Science Limited,NSE
STARBEAM.BO,STARBEAM VENTURES LIMITED,BSE
STARCEMENT,Star Cement Limited,NSE
STARCOM.BO,STARCOM INFORMATION TECHNOLOGY,BSE
STARDELTA.BO,STAR DELTA TRANSFORMERS LIMITE,BSE
STARHEALTH,Star Health and Allied Insurance Company Limited,NSE
STARHFL.BO,STAR HOUSING FINANCE LIMITED,BSE
STARLENT.BO,STARLINEPS ENTERPRISES LIMITED,BSE
STARLOG.BO,Starlog Enterprises Limited,BSE
STARPAPER,Star Paper Mills Limited,NSE
STARSOURCE.BO,STARSOURCE MULTITRADE LIMITED,BSE
STARTECK,Starteck Finance Limited,NSE
STCINDIA,The State Trading Corporation of India Limited,NSE
STCORP.BO,S&T CORPORATION LTD.,BSE
STDBAT.BO,STANDARD BATTERIES LTD.,BSE
STDSFAC.BO,STANDARD SURFACTANTS LTD.,BSE
STEAMHOUSE,Steamhouse India Limited,NSE
STEELCAS,Steelcast Limited,NSE
STEELCITY,Steel City Securities Limited,NSE
STEELCO.BO,STEELCO GUJARAT LTD.,BSE
STEELXIND,STEEL EXCHANGE INDIA LIMITED,NSE
STEL,Stel Holdings Limited,NSE
STELLANT.BO,STELLANT SECURITIES (INDIA) LT,BSE
STEP2COR.BO,STEP TWO CORPORATION LTD.,BSE
STERPOW.BO,STERLING POWERGENSYS LTD,BSE
STERTOOLS,Sterling Tools Limited,NSE
STHINPA.BO,SOUTH INDIA PAPER MILLS LTD.,BSE
STL.BO,Shreeji Translogistics Limited,BSE
STLNETWORK,STL Networks Limited,NSE
STLSTRINF,Steel Strips Infrastructures Limited,NSE
STLTECH,Sterlite Technologies Limited,NSE
STOVACQ.BO,STOVEC INDUSTRIES LTD.,BSE
STOVEKRAFT,Stove Kraft Limited,NSE
STRATMONT.BO,STRATMONT INDUSTRIES LIMITED,BSE
STRGRENWO.BO,STERLING GREEN WOODS LTD.,BSE
STUDDS,Studds Accessories Limited,NSE
STURDY.BO,STURDY INDUSTRIES LTD.,BSE
STYL,Seshaasai Technologies Limited,NSE
STYLAMIND,Stylam Industries Limited,NSE
STYLEBAAZA,Baazar Style Retail Limited,NSE
STYRENIX,Styrenix Performance Materials Limited,NSE
SUBEXLTD,Subex Limited,NSE
SUBROS,Subros Limited,NSE
SUBSM.BO,SUBHASH SILK MILLS LTD.,BSE
SUCROSA.BO,SUPER CROP SAFE LTD.,BSE
SUDAI.BO,SUDAL INDUSTRIES LTD.,BSE
SUDARCOLOR,Sudarshan Colorants India Limited,NSE
SUDARSCHEM,Sudarshan Chemical Industries Limited,NSE
SUDEEPPHRM,Sudeep Pharma Limited,NSE
SUDTIND-B.BO,SUDITI INDUSTRIES LTD.,BSE
SUGALDAM.BO,SUGAL & DAMANI SHARE BROKERS L,BSE
SUJALA.BO,Sujala Trading & Holding Ltd.,BSE
SUKHJITS,Sukhjit Starch & Chemicals Limited,NSE
SULA,Sula Vineyards Limited,NSE
SULABEN.BO,SULABH ENGINEERS & SERVICES LT,BSE
SUMEDHA,Sumedha Fiscal Services Limited,NSE
SUMEETINDS,Sumeet Industries Limited,NSE
SUMERUIND.BO,SUMERU INDUSTRIES LTD.,BSE
SUMICHEM,Sumitomo Chemical India Limited,NSE
SUMIT,Sumit Woods Limited,NSE
SUMMITSEC,Summit Securities Limited,NSE
SUNCITYSY.BO,SUNCITY SYNTHETICS LTD.,BSE
SUNCLAY,Sundaram Clayton Limited,NSE
SUNDARAM,Sundaram Multi Pap Limited,NSE
SUNDARMFIN,Sundaram Finance Limited,NSE
SUNDRMBRAK,Sundaram Brake Linings Limited,NSE
SUNDRMFAST,Sundram Fasteners Limited,NSE
SUNDROP,Sundrop Brands Limited,NSE
SUNFLAG,Sunflag Iron And Steel Company Limited,NSE
SUNGOLD.BO,SUNGOLD CAPITAL LTD.,BSE
SUNILAGR.BO,SUNIL AGRO FOODS LTD.,BSE
SUNLOC,Sunil Healthcare Limited,NSE
SUNPHARMA,Sun Pharmaceutical Industries Limited,NSE
SUNRAJDI.BO,SUNRAJ DIAMOND EXPORTS LTD.,BSE
SUNRAKSHAK,Sunrakshakk Industries India Limited,NSE
SUNSHIEL,Sunshield Chemicals Limited,NSE
SUNSHINE,Sunshine Pictures Limited,NSE
SUNTECK,Sunteck Realty Limited,NSE
SUNTV,Sun TV Network Limited,NSE
SUPER.BO,SUPER SALES INDIA LTD.,BSE
SUPERBAK.BO,SUPER BAKERS (INDIA) LTD.,BSE
SUPERHOUSE,Superhouse Limited,NSE
SUPERIOR.BO,Superior Finlease Limited,BSE
SUPERSPIN,Super Spinning Mills Limited,NSE
SUPERTEX.BO,SUPERTEX INDUSTRIES LTD.,BSE
SUPHA.BO,SUPHA PHARMACHEM LIMITED,BSE
SUPRAJIT,Suprajit Engineering Limited,NSE
SUPRAPFSL.BO,Supra Pacific Financial Servic,BSE
SUPRATRE.BO,Supra Trends Limited,BSE
SUPREME,Supreme Holdings & Hospitality (India) Limited,NSE
SUPREMEIND,Supreme Industries Limited,NSE
SUPREMEINF,Supreme Infrastructure India Limited,NSE
SUPRIYA,Supriya Lifescience Limited,NSE
SUPTANERY,Super Tannery Limited,NSE
SURAJ.BO,SURAJ PRODUCTS LTD.,BSE
SURAJEST,Suraj Estate Developers Limited,NSE
SURAJLTD,Suraj Limited,NSE
SURAKSHA,Suraksha Diagnostic Limited,NSE
SURANASOL,Surana Solar Limited,NSE
SURANAT&P,Surana Telecom and Power Limited,NSE
SURATRAML.BO,Surat Trade and Mercantile Lim,BSE
SURBHIN.BO,SURBHI INDUSTRIES LTD.,BSE
SURFI.BO,SURYO FOODS & INDUSTRIES LTD.,BSE
SURJIND.BO,SURAJ INDUSTRIES LTD.,BSE
SURYAAMBA.BO,SURYAAMBA SPINNING MILLS LTD.,BSE
SURYALA,Suryalata Spinning Mills Limited,NSE
SURYALAXMI,Suryalakshmi Cotton Mills Limited,NSE
SURYAROSNI,Surya Roshni Limited,NSE
SURYODAY,Suryoday Small Finance Bank Limited,NSE
SURYVANSP.BO,SURYAVANSHI SPINNING MILLS LTD,BSE
SUTLEJTEX,Sutlej Textiles and Industries Limited,NSE
SUVEN,Suven Life Sciences Limited,NSE
SUVIDHAA,Suvidhaa Infoserve Limited,NSE
SUYOG,Suyog Telematics Limited,NSE
SUZLON,Suzlon Energy Limited,NSE
SVAMSOF.BO,SVAM SOFTWARE LTD.,BSE
SVARTCORP.BO,SWASTI VINAYAKA ART AND HERITA,BSE
SVCIND.BO,SVC INDUSTRIES LIMITED,BSE
SVGLOBAL,S V Global Mill Limited,NSE
SVLL,Shree Vasu Logistics Limited,NSE
SVPGLOB,SVP GLOBAL TEXTILES LIMITED,NSE
SVRL.BO,Shri Venkatesh Refineries Limi,BSE
SW1.BO,SW INVESTMENTS LTD,BSE
SWADEIN.BO,SWADESHI INDUSTRIES LEASING CO,BSE
SWADHATURE.BO,Swadha Nature Limited,BSE
SWADPOL.BO,SWADESHI POLYTEX LTD.,BSE
SWAGTAM.BO,Swagatam Trading & Services Li,BSE
SWANCORP,SWAN CORP LIMITED,NSE
SWANDEF,Swan Defence and Heavy Industries Limited,NSE
SWARAJ,Swaraj Suiting Limited,NSE
SWARAJENG,Swaraj Engines Limited,NSE
SWARNSAR,Swarnsarita Jewels India Limited,NSE
SWASTIKA.BO,SWASTIKA INVESTMART LIMITED,BSE
SWASTIKAIN,Swastika Infra Limited,NSE
SWASTIVI.BO,SWASTI VINAYAKA SYNTHETICS LTD,BSE
SWATIPRO.BO,Swati Projects Limited,BSE
SWELECTES,Swelect Energy Systems Limited,NSE
SWIGGY,Swiggy Limited,NSE
SWISSMLTRY,Swiss Military Consumer Goods Limited,NSE
SWITCHTE.BO,SWITCHING TECHNOLOGIES GUNTHER,BSE
SWOJAS.BO,SWOJAS FOODS LIMITED,BSE
SWORDEDGE.BO,SWORD-EDGE COMMERCIALS LIMITED,BSE
SWRNASE.BO,SWARNA SECURITIES LTD.,BSE
SWSOLAR,Sterling and Wilson Renewable Energy Limited,NSE
SYBLY.BO,SYBLY INDUSTRIES LTD.,BSE
SYLPH.BO,Sylph Industries Limited,BSE
SYMBIOTEC,Symbiotec Pharmalab Limited,NSE
SYMBIOX.BO,Symbiox Investment & Trading C,BSE
SYMPHONY,Symphony Limited,NSE
SYNCOMF,Syncom Formulations (India) Limited,NSE
SYNGENE,Syngene International Limited,NSE
SYRMA,Syrma SGS Technology Limited,NSE
SYSCHEM.BO,SYSCHEM (INDIA) LTD.,BSE
SYSTMTXC,Systematix Corporate Services Limited,NSE
TAALTECH,Taal Tech Limited,NSE
TACENT.BO,Tacent Projects Limited,BSE
TAHMARENT.BO,TAHMAR ENTERPRISES LIMITED,BSE
TAIIND.BO,TAI INDUSTRIES LTD.,BSE
TAINWALCHM,Tainwala Chemical and Plastic (I) Limited,NSE
TAJGVK,Taj GVK Hotels & Resorts Limited,NSE
TAKE,TAKE Limited,NSE
TALBROAUTO,Talbros Automotive Components Limited,NSE
TALBROSENG.BO,TALBROS ENGINEERING LIMITED,BSE
TAMBOLIIN,Tamboli Industries Limited,NSE
TANAA,Taneja Aerospace & Aviation Limited,NSE
TANDHANIN.BO,TANDHAN INDUSTRIES LIMITED,BSE
TANFACIND.BO,TANFAC INDUSTRIES LTD.,BSE
TANLA,Tanla Platforms Limited,NSE
TARACHAND,Tara Chand InfraLogistic Solutions Limited,NSE
TARAI.BO,TARAI FOODS LTD.,BSE
TARAPUR,Tarapur Transformers Limited,NSE
TARC,TARC Limited,NSE
TARIL,Transformers And Rectifiers (India) Limited,NSE
TARMAT,Tarmat Limited,NSE
TARSONS,Tarsons Products Limited,NSE
TASTYBITE,Tasty Bite Eatables Limited,NSE
TATACAP,Tata Capital Limited,NSE
TATACHEM,Tata Chemicals Limited,NSE
TATACOMM,Tata Communications Limited,NSE
TATACONSUM,TATA CONSUMER PRODUCTS LIMITED,NSE
TATAELXSI,Tata Elxsi Limited,NSE
TATAGOLD,TATA MUTUAL FUND TATA GOLD EXCHANGE TRADED FUND,NSE
TATAINVEST,Tata Investment Corporation Limited,NSE
TATAPOWER,Tata Power Company Limited,NSE
TATASTEEL,Tata Steel Limited,NSE
TATATECH,Tata Technologies Limited,NSE
TATIAGLOB.BO,TATIA GLOBAL VENNTURE LTD.,BSE
TATSILV,TATA MUTUAL FUND TATA SILVER EXCHANGE TRADED FUND,NSE
TATVA,Tatva Chintan Pharma Chem Limited,NSE
TAVEXIA.BO,TAVEXIA LIFECARE LIMITED,BSE
TBOTEK,TBO Tek Limited,NSE
TBZ,Tribhovandas Bhimji Zaveri Limited,NSE
TCC,TCC Concept Limited,NSE
TCFCFINQ.BO,TCFC FINANCE LTD.,BSE
TCI,Transport Corporation of India Limited,NSE
TCIEXP,TCI Express Limited,NSE
TCIFINANCE,TCI Finance Limited,NSE
TCIIND.BO,TCI INDUSTRIES LTD.,BSE
TCMLMTD.BO,TCM LTD.,BSE
TCPLPACK,TCPL Packaging Limited,NSE
TCS,Tata Consultancy Services Limited,NSE
TDPOWERSYS,TD Power Systems Limited,NSE
TDSL.BO,Tasty Dairy Specialities Limit,BSE
TEAM24.BO,TEAM24 CONSUMER PRODUCTS LIMIT,BSE
TEAMGTY,Team India Guaranty Limited,NSE
TEAMLEASE,Teamlease Services Limited,NSE
TECH,ADITYA BIRLA SUN LIFE MUTUAL FUND - ADITYA BIRLA SUN LIFE NIFTY IT ETF,NSE
TECHM,Tech Mahindra Limited,NSE
TECHNOCRAF,Technocraft Ventures Limited,NSE
TECHNOE,Techno Electric & Engineering Company Limited,NSE
TECHNVISN,TechNVision Ventures Limited,NSE
TECILCHEM,TECIL Chemicals and Hydro Power Limited,NSE
TEEAI.BO,TEESTA AGRO INDUSTRIES LTD.,BSE
TEGA,Tega Industries Limited,NSE
TEJASNET,Tejas Networks Limited,NSE
TEJASSVI.BO,TEJASSVI AAHARAM LIMITED,BSE
TEJNAKSH.BO,Tejnaksh Healthcare Limited,BSE
TELECANOR.BO,TELECANOR GLOBAL LTD.,BSE
TELOGICA.BO,TELOGICA LIMITED,BSE
TEMBO,Tembo Global Industries Limited,NSE
TEMPSENS,Tempsens Instruments (India) Limited,NSE
TENNIND,Tenneco Clean Air India Limited,NSE
TERAI,Terai Tea Company Limited,NSE
TERASOFT,Tera Software Limited,NSE
TEXELIN.BO,TEXEL INDUSTRIES LTD.,BSE
TEXINFRA,Texmaco Infrastructure & Holdings Limited,NSE
TEXMOPIPES,Texmo Pipes and Products Limited,NSE
TEXRAIL,Texmaco Rail & Engineering Limited,NSE
TFCILTD,Tourism Finance Corporation of India Limited,NSE
TFL,Transwarranty Finance Limited,NSE
TFSL.BO,Typhoon Financial Services Lim,BSE
TGBHOTELS,TGB Banquets And Hotels Limited,NSE
TGVSL,TGV Sraac Limited,NSE
THACKER,Thacker & Company Limited,NSE
THAKDEV,Thakkers Developers Limited,NSE
THAKRAL.BO,THAKRAL SERVICES (INDIA) LTD.,BSE
THANGAMAYL,Thangamayil Jewellery Limited,NSE
THEINVEST,The Investment Trust Of India Limited,NSE
THEJO,Thejo Engineering Limited,NSE
THELEELA,Leela Palaces Hotels & Resorts Limited,NSE
THEMISMED,Themis Medicare Limited,NSE
THERMAX,Thermax Limited,NSE
THINKINK.BO,THINKINK PICTUREZ LIMITED,BSE
THOMASCOOK,Thomas Cook  (India)  Limited,NSE
THOMASCOTT,Thomas Scott (India) Limited,NSE
THRIVE.BO,THRIVE FUTURE HABITATS LIMITED,BSE
THYROCARE,Thyrocare Technologies Limited,NSE
TI,Tilaknagar Industries Limited,NSE
TICL,Twamev Construction and Infrastructure Limited,NSE
TIERRA.BO,Tierra Agrotech Limited,BSE
TIGERLOGS,Tiger Logistics (India) Limited,NSE
TIGLOB.BO,T & I GLOBAL LTD.,BSE
TIHIL.BO,TRANS INDIA HOUSE IMPEX LIMITE,BSE
TIIL,Technocraft Industries (India) Limited,NSE
TIINDIA,Tube Investments of India Limited,NSE
TIJARIA,Tijaria Polypipes Limited,NSE
TIL,TIL Limited,NSE
TILAK.BO,Tilak Ventures Limited,BSE
TIMETECHNO,Time Technoplast Limited,NSE
TIMEX,Timex Group India Limited,NSE
TIMKEN,Timken India Limited,NSE
TINNARUBR,Tinna Rubber and Infrastructure Limited,NSE
TIPSFILMS,Tips Films Limited,NSE
TIPSMUSIC,Tips Music Limited,NSE
TIRSARJ.BO,TIRUPATI SARJAN LTD.,BSE
TIRTPLS.BO,TIRTH PLASTIC LTD.,BSE
TIRUMALCHM,Thirumalai Chemicals Limited,NSE
TIRUPATIFL,Tirupati Forge Limited,NSE
TIRUPATIIN.BO,TIRUPATI INNOVAR LIMITED,BSE
TIRUSTA.BO,TIRUPATI STARCH & CHEMICALS LT,BSE
TITAGARH,TITAGARH RAIL SYSTEMS LIMITED,NSE
TITAN,Titan Company Limited,NSE
TITANBIO.BO,TITAN BIOTECH LTD.,BSE
TITANIN.BO,TITAN INTECH LIMITED,BSE
TITANSEC.BO,TITAN SECURITIES LTD.,BSE
TMB,Tamilnad Mercantile Bank Limited,NSE
TMCV,Tata Motors Limited,NSE
TMPV,Tata Motors Passenger Vehicles Limited,NSE
TMTIND-B1.BO,TMT (INDIA) LTD.,BSE
TNIDETF,TATA MUTUAL FUND - TATA NIFTY INDIA DIGITAL EXCHANGE TRADED FUND,NSE
TNPETRO,Tamilnadu PetroProducts Limited,NSE
TNPL,Tamil Nadu Newsprint & Papers Limited,NSE
TNTELE,Tamilnadu Telecommunication Limited,NSE
TOKYOFIN.BO,TOKYO FINANCE LTD.,BSE
TOKYOPLAST,Tokyo Plast International Limited,NSE
TOLINS,Tolins Tyres Limited,NSE
TOP100CASE,ZERODHA FUND HOUSE - ZERODHA NIFTY 100 ETF,NSE
TOP10ADD,DSP MUTUAL FUND - DSP NIFTY TOP 10 EQUAL WEIGHT ETF,NSE
TOP15IETF,ICICI PRUDENTIAL MF - ICICI PRUDENTIAL NIFTY TOP 15 EQUAL WEIGHT ETF,NSE
TOP20,MIRAE ASSET MUTUAL FUND - MIRAE ASSET NIFTY TOP 20 EQUAL WEIGHT ETF,NSE
TORNTPHARM,Torrent Pharmaceuticals Limited,NSE
TORNTPOWER,Torrent Power Limited,NSE
TOTAL,Total Transport Systems Limited,NSE
TOTEM.BO,Forbes Precision Tools and Mac,BSE
TOUCHWOOD,Touchwood Entertainment Limited,NSE
TOYAMSL,Toyam Sports Limited,NSE
TPHQ,Teamo Productions HQ Limited,NSE
TPINDIA.BO,TPI INDIA LTD.,BSE
TPLPLASTEH,TPL Plastech Limited,NSE
TPROJECT.BO,THIRANI PROJECTS LTD,BSE
TRABI.BO,TRANSGENE BIOTEK LTD.,BSE
TRACXN,Tracxn Technologies Limited,NSE
TRADEWELL.BO,TRADEWELL HOLDINGS LIMITED,BSE
TRANSCHEM.BO,TRANSCHEM LTD.,BSE
TRANSCOR,Transcorp International Limited,NSE
TRANSFD.BO,TRANSGLOBE FOODS LTD.,BSE
TRANSFRE.BO,TRANS-FREIGHT CONTAINERS LTD.,BSE
TRANSPEK,Transpek Industry Limited,NSE
TRANSRAILL,Transrail Lighting Limited,NSE
TRANSWORLD,TRANSWORLD SHIPPING LINES LIMITED,NSE
TRAVELFOOD,Travel Food Services Limited,NSE
TREEHOUSE,Tree House Education & Accessories Limited,NSE
TREJHARA,TREJHARA SOLUTIONS LIMITED,NSE
TREL,Transindia Real Estate Limited,NSE
TRENT,Trent Limited,NSE
TRESCON.BO,TRESCON LIMITED,BSE
TRF,TRF Limited,NSE
TRICOMFRU.BO,TRICOM FRUIT PRODUCTS LIMITED,BSE
TRIDENT,Trident Limited,NSE
TRIGYN,Trigyn Technologies Limited,NSE
TRILIANCE.BO,TRILIANCE POLYMERS LIMITED,BSE
TRINITYLEA.BO,TRINITY LEAGUE INDIA LTD.,BSE
TRIOMERC.BO,TRIO MERCANTILE & TRADING LTD.,BSE
TRISHAKT.BO,Trishakti Industries Limited,BSE
TRITONV,Triton Valves Limited,NSE
TRITURBINE,Triveni Turbine Limited,NSE
TRIUMPIN.BO,TRIUMPH INTERNATIONAL FINANCE,BSE
TRIVENI,Triveni Engineering & Industries Limited,NSE
TRIVENIENT.BO,TRIVENI ENTERPRISES LTD,BSE
TRIVENIGQ.BO,TRIVENI GLASS LTD.,BSE
TRL.BO,Taylormade Renewables Limited,BSE
TRU,TruCap Finance Limited,NSE
TRUALT,TruAlt Bioenergy Limited,NSE
TRUEGREEN.BO,TRUE GREEN BIO ENERGY LIMITED,BSE
TRUSTEDGE.BO,Trustedge Capital Limited,BSE
TRUSTWAVE.BO,TRUSTWAVE SECURITIES LIMITED,BSE
TSFINV,TSF INVESTMENTS LIMITED,NSE
TSPIRITUAL.BO,T.SPIRITUAL WORLD LTD.,BSE
TTFL.BO,Trident Texofab Limited,BSE
TTGIL.BO,TOMORROW TECHNOLOGIES GLOBAL I,BSE
TTIENT.BO,TTI ENTERPRISE LTD,BSE
TTKHLTCARE,TTK Healthcare Limited,NSE
TTKPRESTIG,TTK Prestige Limited,NSE
TTL,T T Limited,NSE
TTML,Tata Teleservices (Maharashtra) Limited,NSE
TULSYAN.BO,TULSYAN NEC LTD.,BSE
TUNITEX.BO,TUNI TEXTILE MILLS LTD.,BSE
TURTLEMINT,Turtlemint Fintech Solutions Limited,NSE
TUSALDAH.BO,TUSALDAH LIMITED,BSE
TUTIALKA,Tuticorin Alkali Chemicals & Fertilizers Limited,NSE
TVSELECT,TVS Electronics Limited,NSE
TVSHLTD,TVS Holdings Limited,NSE
TVSMOTOR,TVS Motor Company Limited,NSE
TVSSCS,TVS Supply Chain Solutions Limited,NSE
TVSSRICHAK,TVS Srichakra Limited,NSE
TVTODAY,TV Today Network Limited,NSE
TVVISION,TV Vision Limited,NSE
TWCGOLDETF,THE WEALTH COMPANY MUTUAL FUND - THE WEALTH COMPANY GOLD ETF,NSE
TYCHE.BO,TYCHE INDUSTRIES LTD.,BSE
TYROON.BO,TYROON TEA CO.LTD.,BSE
UBL,United Breweries Limited,NSE
UCAL,UCAL LIMITED,NSE
UCIL.BO,UNIFINZ CAPITAL INDIA LIMITED,BSE
UCOBANK,UCO Bank,NSE
UDAYJEW,Uday Jewellery Industries Limited,NSE
UDS,Updater Services Limited,NSE
UEL,Ujaas Energy Limited,NSE
UFBL,United Foodbrands Limited,NSE
UFLEX,UFLEX Limited,NSE
UFO,UFO Moviez India Limited,NSE
UGARSUGAR,The Ugar Sugar Works Limited,NSE
UGROCAP,Ugro Capital Limited,NSE
UHZAVERI.BO,U. H. ZAVERI LIMITED,BSE
UJJIVANSFB,Ujjivan Small Finance Bank Limited,NSE
ULTRACAB.BO,Ultracab (India) Limited,BSE
ULTRACEMCO,UltraTech Cement Limited,NSE
ULTRAMAR,Ultramarine & Pigments Limited,NSE
UMAEXPORTS,Uma Exports Limited,NSE
UMESLTD,Usha Martin Education & Solutions Limited,NSE
UMIYA-MRO,UMIYA BUILDCON LIMITED,NSE
UMIYA.BO,Umiya Tubes Limited,BSE
UNIABEXAL.BO,UNI ABEX ALLOY PRODUCTS LTD.,BSE
UNIAUTO.BO,Universal Autofoundry Limited,BSE
UNICHEMLAB,Unichem Laboratories Limited,NSE
UNICK.BO,Unick Fix-A- Form and Printers,BSE
UNIDT,United Drilling Tools Limited,NSE
UNIECOM,Unicommerce Esolutions Limited,NSE
UNIENTER,Uniphos Enterprises Limited,NSE
UNIINFO,Uniinfo Telecom Services Limited,NSE
UNIMECH,Unimech Aerospace and Manufacturing Limited,NSE
UNIOFFICE.BO,UNIVERSAL OFFICE AUTOMATION LT,BSE
UNIONBANK,Union Bank of India,NSE
UNIONGOLD,UNION MUTUAL FUND - UNION GOLD ETF,NSE
UNIPARTS,Uniparts India Limited,NSE
UNIQUEO.BO,UNIQUE ORGANICS LTD.,BSE
UNIROYAL.BO,UNIROYAL INDUSTRIES LTD.,BSE
UNISON.BO,UNISON METALS LTD,BSE
UNITDCR.BO,UNITED CREDIT LTD.,BSE
UNITDSPR,United Spirits Limited,NSE
UNITECH,Unitech Limited,NSE
UNITEDINT.BO,UNITED INTERACTIVE LTD.,BSE
UNITEDPOLY,United Polyfab Gujarat Limited,NSE
UNITEDTE.BO,UNITED TEXTILES LTD.,BSE
UNITEDTEA,The United Nilgiri Tea Estates Company Limited,NSE
UNITINT.BO,UNITECH INTERNATIONAL LTD.,BSE
UNIVAFOODS,Univa Foods Limited,NSE
UNIVARTS.BO,UNIVERSAL ARTS LTD.,BSE
UNIVASTU,Univastu India Limited,NSE
UNIVCABLES,Universal Cables Limited,NSE
UNIVPHOTO,Universus Photo Imagings Limited,NSE
UNIVSTAR.BO,UNIVERSAL STARCH-CHEM ALLIED L,BSE
UNJHAFOR.BO,UNJHA FORMULATIONS LTD.,BSE
UNOMINDA,UNO Minda Limited,NSE
UNQTYMI.BO,UNION QUALITY PLASTICS LTD.,BSE
UNRYLMA.BO,UNIROYAL MARINE EXPORTS LTD.,BSE
UPHOT,U P Hotels Limited,NSE
UPL,UPL Limited,NSE
UPSURGE.BO,UPSURGE INVESTMENT & FINANCE L,BSE
URAVIDEF,Uravi Defence and Technology Limited,NSE
URBANCO,Urban Company Limited,NSE
URJA,Urja Global Limited,NSE
URSUGAR.BO,UR SUGAR INDUSTRIES LIMITED,BSE
USGTECH.BO,USG TECH SOLUTIONS LTD.,BSE
USHAKIRA.BO,USHAKIRAN FINANCE LTD.,BSE
USHAMART,Usha Martin Limited,NSE
USK,Udayshivakumar Infra Limited,NSE
UTIAMC,UTI Asset Management Company Limited,NSE
UTIQUE.BO,UTIQUE ENTERPRISES LIMITED,BSE
UTKARSHBNK,Utkarsh Small Finance Bank Limited,NSE
UTLINDS.BO,UTL INDUSTRIES LIMITED,BSE
UTLSOLAR,Fujiyama Power Systems Limited,NSE
UTTAMSUGAR,Uttam Sugar Mills Limited,NSE
UVDRHOR.BO,UNITED VAN DER HORST LTD.,BSE
UVS.BO,UVS HOSPITALITY AND SERVICES L,BSE
UYFINCORP,U. Y. Fincorp Limited,NSE
V2RETAIL,V2 Retail Limited,NSE
VAARAD.BO,VAARAD VENTURES LTD,BSE
VADILALIND,Vadilal Industries Limited,NSE
VADILENT,Vadilal Enterprises Limited,NSE
VAIBHAVGBL,Vaibhav Global Limited,NSE
VAISHALI,Vaishali Pharma Limited,NSE
VAKRANGEE,Vakrangee Limited,NSE
VAL30IETF,ICICI PRUDENTIAL MUTUAL FUND - ICICI PRUDENTIAL NIFTY200 VALUE 30 ETF,NSE
VALIANT.BO,VALIANT COMMUNICATIONS LTD.,BSE
VALIANTLAB,Valiant Laboratories Limited,NSE
VALIANTORG,Valiant Organics Limited,NSE
VALLABHSQ.BO,VALLABH STEELS LTD.,BSE
VALSONQ.BO,VALSON INDUSTRIES LTD.,BSE
VALUE,MIRAE ASSET MUTUAL FUND - MIRAE ASSET NIFTY 500 VALUE 50 ETF,NSE
VALUEAXIS,AXIS MUTUAL FUND - AXIS NIFTY500 VALUE 50 ETF,NSE
VAMA.BO,VAMA INDUSTRIES LTD.,BSE
VAML,Vedanta Aluminium Metal Limited,NSE
VAMSHIRU.BO,VAMSHI RUBBER LTD.,BSE
VANICOM.BO,Vani Commercials Limited,BSE
VAPIENTER.BO,VAPI ENTERPRISE LIMITED,BSE
VARDHACRLC,Vardhman Acrylics Limited,NSE
VARDMNPOLY,Vardhman Polytex Limited,NSE
VARIMAN.BO,VARIMAN GLOBAL ENTERPRISES LIM,BSE
VARMORA,Varmora Granito Limited,NSE
VARROC,Varroc Engineering Limited,NSE
VASCONEQ,Vascon Engineers Limited,NSE
VASINFRA.BO,VAS INFRASTRUCTURE LTD.,BSE
VASUPRADA,Shri Vasuprada Plantations Limited,NSE
VASWANI,Vaswani Industries Limited,NSE
VBDESAI.BO,V.B.DESAI FINANCIAL SERVICES L,BSE
VBIND.BO,V B INDUSTRIES LIMITED,BSE
VBL,Varun Beverages Limited,NSE
VCL,Vaxtex Cotfab Limited,NSE
VCU.BO,VCU DATA MANAGEMENT LTD,BSE
VEDAVAAG,VEDAVAAG Systems Limited,NSE
VEDL,Vedanta Limited,NSE
VEDPOWER,Vedanta Power Limited,NSE
VEEDOL,Veedol Corporation Limited,NSE
VEEGALAND,Veegaland Developers Limited,NSE
VEERENRGY.BO,VEER ENERGY & INFRASTRUCTURE L,BSE
VEERHEALTH.BO,VEERHEALTH CARE LIMITED,BSE
VEL.BO,Vaxfab Enterprises Limited,BSE
VELHO.BO,VELAN HOTELS LTD.,BSE
VELJAN,Veljan Denison Limited,NSE
VELLORA.BO,VELLORA IMPACT LIMITED,BSE
VENKEYS,Venky's (India) Limited,NSE
VENLONENT.BO,VENLON ENTERPRISES LTD.,BSE
VENMAX.BO,VENMAX DRUGS AND PHARMACEUTICA,BSE
VENTIVE,Ventive Hospitality Limited,NSE
VENTURA.BO,VENTURA TEXTILES LTD.,BSE
VENUSPIPES,Venus Pipes & Tubes Limited,NSE
VENUSREM,Venus Remedies Limited,NSE
VERANDA,Veranda Learning Solutions Limited,NSE
VERITAS.BO,VERITAS (INDIA) LTD.,BSE
VERTEX.BO,VERTEX SECURITIES LTD.,BSE
VERTOZ,Vertoz Limited,NSE
VESUVIUS,Vesuvius India Limited,NSE
VETO,Veto Switchgears And Cables Limited,NSE
VGCL,Vibrant Global Capital Limited,NSE
VGIL.BO,Veer Global Infraconstruction,BSE
VGL,VARVEE GLOBAL LIMITED,NSE
VGUARD,V-Guard Industries Limited,NSE
VHL,Vardhman Holdings Limited,NSE
VHLTD,Viceroy Hotels Limited,NSE
VICTMILL.BO,VICTORIA MILLS LTD.,BSE
VIDHIING,Vidhi Specialty Food Ingredients Limited,NSE
VIDYAWIRES,Vidya Wires Limited,NSE
VIJAYA,Vijaya Diagnostic Centre Limited,NSE
VIJAYTX.BO,VIJAY TEXTILES LTD.,BSE
VIJIFIN,Viji Finance Limited,NSE
VIJSOLX,Vijay Solvex Limited,NSE
VIKALPS.BO,VIKALP SECURITIES LTD.,BSE
VIKASECO,Vikas EcoTech Limited,NSE
VIKASLIFE,Vikas Lifecare Limited,NSE
VIKASPROP.BO,VIKAS PROPPANT & GRANITE LTD.,BSE
VIKASWSP.BO,VIKAS WSP LTD.,BSE
VIKRAMAR.BO,VIKRAM AROMA LIMITED,BSE
VIKRAMSOLR,Vikram Solar Limited,NSE
VIKRAMTH.BO,VIKRAM THERMO (INDIA) LTD.,BSE
VIKRAN,Vikran Engineering Limited,NSE
VIMTALABS,Vimta Labs Limited,NSE
VINATIORGA,Vinati Organics Limited,NSE
VINCOFE,Vintage Coffee And Beverages Limited,NSE
VINDHYATEL,Vindhya Telelinks Limited,NSE
VINEETLAB,Vineet Laboratories Limited,NSE
VINNY,Vinny Overseas Limited,NSE
VINRKLB.BO,REKVINA LABORATORIES LTD.,BSE
VINYLINDIA,Vinyl Chemicals (India) Limited,NSE
VINYOFL.BO,VINYOFLEX LTD.,BSE
VIPCLOTHNG,VIP Clothing Limited,NSE
VIPIND,VIP Industries Limited,NSE
VIPPYSP.BO,VIPPY SPINPRO LTD.,BSE
VIPULLTD,Vipul Limited,NSE
VIPULORG.BO,Vipul Organics Limited,BSE
VIRAT,Virat Industries Limited,NSE
VIRATCRA.BO,VIRAT CRANE INDUSTRIES LTD.,BSE
VIRGOGLOB.BO,Virgo Global Limited,BSE
VIRINCHI,Virinchi Limited,NSE
VIRTUALG,Virtual Global Education Limited,NSE
VISACHROME,VISA Chrome Limited,NSE
VISAGAR.BO,VISAGAR FINANCIAL SERVICES LTD,BSE
VISAKAIND,Visaka Industries Limited,NSE
VISHAL,Vishal Fabrics Limited,NSE
VISHALBL.BO,Vishal Bearings Limited,BSE
VISHNU,Vishnu Chemicals Limited,NSE
VISHWARAJ,Vishwaraj Sugar Industries Limited,NSE
VISIONCINE.BO,VISION CINEMAS LTD.,BSE
VISIONCO.BO,VISION CORPORATION LTD.,BSE
VISL,Vedanta Iron and Steel Limited,NSE
VISTAPH.BO,VISTA PHARMACEUTICALS LTD.,BSE
VISTARAMAR.BO,Vistar Amar Limited,BSE
VISVEN.BO,VISHVPRABHA VENTURES LIMITED,BSE
VITAL,Vital Chemtech Limited,NSE
VIVANTA.BO,Vivanta Industries Limited,BSE
VIVANZA.BO,Vivanza Biosciences Limited,BSE
VIVIANA,Viviana Power Tech Limited,NSE
VIVIDHA,Visagar Polytex Limited,NSE
VIVIDIND.BO,VIVID GLOBAL INDUSTRIES LTD.,BSE
VIVIDM.BO,VIVID MERCANTILE LIMITED,BSE
VIVIMEDLAB,Vivimed Labs Limited,NSE
VIVOBIOT,Vivo Bio Tech Limited,NSE
VIYASH,Viyash Scientific Limited,NSE
VJLAXMIE.BO,VEEJAY LAKSHMI ENGINEERING WOR,BSE
VKAL.BO,Vantage Knowledge Academy Limi,BSE
VKGLOBAL.BO,VK Global Industries Limited,BSE
VLEGOV,VL E-Governance & IT Solutions Limited,NSE
VLL.BO,Virat Leasing Limited,BSE
VLSFINANCE,VLS Finance Limited,NSE
VMART,V-Mart Retail Limited,NSE
VMM,Vishal Mega Mart Limited,NSE
VMS.BO,VMS INDUSTRIES LTD.,BSE
VMSTMT,VMS TMT Limited,NSE
VOEPL,Virtuoso Optoelectronics Limited,NSE
VOGL,Vedanta Oil and Gas Limited,NSE
VOITHPAPR,Voith Paper Fabrics India Limited,NSE
VOLKAI.BO,Kairosoft AI Solutions Limited,BSE
VOLLF.BO,VOLTAIRE LEASING & FINANCE LTD,BSE
VOLTAMP,Voltamp Transformers Limited,NSE
VOLTAS,Voltas Limited,NSE
VPRPL,Vishnu Prakash R Punglia Limited,NSE
VRAJ,Vraj Iron and Steel Limited,NSE
VRFILMS.BO,V R FILMS & STUDIOS LIMITED,BSE
VRL.BO,VASUNDHARA RASAYANS LTD,BSE
VRLLOG,VRL Logistics Limited,NSE
VSFPROJ.BO,VSF PROJECTS LTD.,BSE
VSL.BO,Viram Suvarn Limited,BSE
VSSL,Vardhman Special Steels Limited,NSE
VSTIND,VST Industries Limited,NSE
VSTL,Vibhor Steel Tubes Limited,NSE
VSTTILLERS,V.S.T Tillers Tractors Limited,NSE
VTL,Vardhman Textiles Limited,NSE
VTMLTD,VTM Limited,NSE
VXLINSTR.BO,VXL INSTRUMENTS LTD.,BSE
WAAREEENER,Waaree Energies Limited,NSE
WAAREEINDO,Indosolar Limited,NSE
WAAREERTL,Waaree Renewable Technologies Limited,NSE
WABAG,VA Tech Wabag Limited,NSE
WAGEND.BO,WAGEND INFRA VENTURE LIMITED,BSE
WAKEFIT,Wakefit Innovations Limited,NSE
WALCHANNAG,Walchandnagar Industries Limited,NSE
WALCHPF.BO,WALCHAND PEOPLEFIRST LTD.,BSE
WALLFORT.BO,WALLFORT FINANCIAL SERVICES LT,BSE
WANBURY,Wanbury Limited,NSE
WARDWIZFBL.BO,Wardwizard Foods and Beverages,BSE
WARRENTEA.BO,WARREN TEA LTD.,BSE
WATERBASE,Waterbase Limited,NSE
WCIL,Western Carriers (India) Limited,NSE
WEALTH,Wealth First Portfolio Managers Limited,NSE
WEBELSOLAR,Websol Energy System Limited,NSE
WEIZMANIND,Weizmann Limited,NSE
WEL,Wonder Electricals Limited,NSE
WELCORP,Welspun Corp Limited,NSE
WELCURE.BO,WELCURE DRUGS & PHARMACEUTICAL,BSE
WELENT,Welspun Enterprises Limited,NSE
WELINV,Welspun Investments and Commercials Limited,NSE
WELSPLSOL,Welspun Specialty Solutions Limited,NSE
WELSPUNLIV,Welspun Living Limited,NSE
WENDT,Wendt (India) Limited,NSE
WEPSOLN.BO,WEP SOLUTIONS LTD.,BSE
WESTLEIRES.BO,WEST LEISURE RESORTS LTD,BSE
WESTLIFE,WESTLIFE FOODWORLD LIMITED,NSE
WEWIN,WE WIN LIMITED,NSE
WEWORK,WeWork India Management Limited,NSE
WHBRADY,WH Brady & Company Limited,NSE
WHEELS,Wheels India Limited,NSE
WHIRLPOOL,Whirlpool of India Limited,NSE
WHITEORG.BO,White Organic Agro Limited,BSE
WILLAMAGOR,Williamson Magor & Company Limited,NSE
WILLIMFI.BO,WILLIAMSON FINANCIAL SERVICES,BSE
WINDLAS,Windlas Biotech Limited,NSE
WINDMACHIN,Windsor Machines Limited,NSE
WINSOMBR.BO,WINSOME BREWERIES LTD.,BSE
WINSOMTX.BO,WINSOME TEXTILE INDUSTRIES LTD,BSE
WIPL,The Western India Plywoods Limited,NSE
WIPRO,Wipro Limited,NSE
WOCKPHARMA,Wockhardt Limited,NSE
WONDERLA,Wonderla Holidays Limited,NSE
WORTH.BO,WORTH INVESTMENT & TRADING CO,BSE
WORTHPERI,Worth Peripherals Limited,NSE
WPIL,WPIL Limited,NSE
WSFX.BO,WSFX Global Pay Limited,BSE
WSI,W S Industries (I) Limited,NSE
WSTCSTPAPR,West Coast Paper Mills Limited,NSE
WWALUM.BO,WORLDWIDE ALUMINIUM LIMITED,BSE
XCHANGING,Xchanging Solutions Limited,NSE
XELPMOC,Xelpmoc Design And Tech Limited,NSE
XPROINDIA,Xpro India Limited,NSE
XTGLOBAL,Xtglobal Infotech Limited,NSE
XTRANET,Xtranet Technologies Limited,NSE
YAANENT.BO,YAAN ENTERPRISES LIMITED,BSE
YAMNINV.BO,YAMINI INVESTMENTS COMPANY LTD,BSE
YARNSYN.BO,YARN SYNDICATE LTD.,BSE
YASHCHEM.BO,Yash Chemex Limited,BSE
YASHINNO.BO,YASH INNOVENTURES LIMITED,BSE
YASHMGM.BO,YASH MANAGEMENT & SATELLITE LT,BSE
YASHO,Yasho Industries Limited,NSE
YASHRAJC.BO,YASHRAJ CONTAINEURS LTD.,BSE
YATHARTH,Yatharth Hospital & Trauma Care Services Limited,NSE
YATRA,Yatra Online Limited,NSE
YESBANK,Yes Bank Limited,NSE
YOGI,Yogi Limited,NSE
YOGISUNG.BO,YOGI SUNG-WON (INDIA) LTD.,BSE
YORKEXP.BO,YORK EXPORTS LTD.,BSE
YSL.BO,The Yamuna Syndicate Ltd,BSE
YUKEN,Yuken India Limited,NSE
YUNIKM.BO,Yunik Managing Advisors Limite,BSE
YURANUS.BO,YURANUS INFRASTRUCTURE LTD,BSE
YUVRAAJHPL.BO,YUVRAAJ HYGIENE PRODUCTS LTD.,BSE
ZAGGLE,Zaggle Prepaid Ocean Services Limited,NSE
ZDHJERK.BO,DHANVANTRI JEEVAN REKHA LTD.,BSE
ZEAL.BO,Zeal Aqua Limited,BSE
ZEEL,Zee Entertainment Enterprises Limited,NSE
ZEELEARN,Zee Learn Limited,NSE
ZEEMEDIA,Zee Media Corporation Limited,NSE
ZENIFIB.BO,ZENITH FIBRES LTD.,BSE
ZENITHEXPO,Zenith Exports Limited,NSE
ZENITHHE.BO,ZENITH HEALTH CARE LTD.,BSE
ZENITHSTL,Zenith Steel Pipes & Industries Limited,NSE
ZENLABS.BO,Zenlabs Ethica Limited,BSE
ZENOTECH.BO,ZENOTECH LABORATORIES LTD.,BSE
ZENSARTECH,Zensar Technologies Limited,NSE
ZENTEC,Zen Technologies Limited,NSE
ZFCVINDIA,ZF Commercial Vehicle Control Systems India Limited,NSE
ZFSTEERING,ZF Steering Gear (India) Limited,NSE
ZIMLAB,Zim Laboratories Limited,NSE
ZKHANDEN.BO,KHANDELWAL EXTRACTION LTD.,BSE
ZMILGFIN.BO,MILGREY FINANCE & INVESTMENT L,BSE
ZMULTIPU.BO,MULTIPURPOSE TRADING & AGENCIE,BSE
ZODIAC,Zodiac Energy Limited,NSE
ZODIACLOTH,Zodiac Clothing Company Limited,NSE
ZODIACVEN.BO,ZODIAC VENTURES LIMITED,BSE
ZODJRDMKJ.BO,ZODIAC-JRD-MKJ LTD.,BSE
ZOTA,Zota Health Care LImited,NSE
ZR2.BO,ZR2 BIOENERGY LIMITED,BSE
ZSARACOM,Saraswati Commercial India Limited,NSE
ZSVARAJT.BO,SVARAJ TRADING & AGENCIES LTD.,BSE
ZUARI,Zuari Agro Chemicals Limited,NSE
ZUARIIND,ZUARI INDUSTRIES LIMITED,NSE
ZWELCAST.BO,WELCAST STEELS LTD.,BSE
ZYDUSLIFE,Zydus Lifesciences Limited,NSE
ZYDUSWELL,Zydus Wellness Limited,NSE
